NULL,NULL,NULL,1,"A-AA","A.","AA",NULL,NULL,1,"2010-01-01"
NULL,NULL,NULL,1,"B-AA","B.","AA",NULL,NULL,1,"2010-07-01"
NULL,NULL,NULL,1,"C-AA","C.","AA",NULL,NULL,1,"2011-01-01"
NULL,NULL,NULL,1,"D-AA","D.","AA","deceased",NULL,1,NULL
NULL,NULL,NULL,1,"E-AA","E.","AA",NULL,"en",1,NULL
NULL,NULL,NULL,1,"F-AA","F.","AA",NULL,"fr",1,NULL
NULL,NULL,NULL,1,"G-AA","G.","AA",NULL,NULL,1,NULL
NULL,NULL,NULL,1,"H-AA","H.","AA",NULL,NULL,1,NULL
NULL,NULL,NULL,1,"I-AA","I.","AA",NULL,NULL,1,NULL
NULL,NULL,NULL,1,"J-AA","J.","AA",NULL,NULL,1,NULL
NULL,NULL,NULL,1,"K-AA","K.","AA",NULL,NULL,1,NULL
NULL,NULL,NULL,1,"L-AA","L.","AA",NULL,NULL,1,NULL
NULL,NULL,NULL,1,"M-AA","M.","AA",NULL,NULL,1,NULL
NULL,NULL,NULL,1,"N-AA","N.","AA",NULL,NULL,1,NULL
NULL,NULL,NULL,1,"O-AA","O.","AA",NULL,NULL,1,NULL
NULL,NULL,NULL,1,"P-AA","P.","AA",NULL,NULL,1,NULL
NULL,NULL,NULL,1,"Q-AA","Q.","AA",NULL,NULL,1,NULL
NULL,NULL,NULL,1,"R-AA","R.","AA",NULL,NULL,1,NULL
NULL,NULL,NULL,1,"S-AA","S.","AA",NULL,NULL,1,NULL
NULL,NULL,NULL,1,"T-AA","T.","AA",NULL,NULL,1,NULL
NULL,NULL,NULL,1,"U-AA","U.","AA",NULL,NULL,1,NULL
NULL,NULL,NULL,1,"V-AA","V.","AA",NULL,NULL,1,NULL
NULL,NULL,NULL,1,"W-AA","W.","AA",NULL,NULL,1,NULL
NULL,NULL,NULL,1,"X-AA","X.","AA",NULL,NULL,1,NULL
NULL,NULL,NULL,1,"Y-AA","Y.","AA",NULL,NULL,1,NULL
NULL,NULL,NULL,1,"Z-AA","Z.","AA",NULL,NULL,1,NULL
NULL,NULL,NULL,1,"A-AB","A.","AB",NULL,NULL,NULL,"2010-01-01"
NULL,NULL,NULL,1,"B-AB","B.","AB",NULL,NULL,NULL,"2010-07-01"
NULL,NULL,NULL,1,"C-AB","C.","AB",NULL,NULL,NULL,"2011-01-01"
NULL,NULL,NULL,1,"D-AB","D.","AB","deceased",NULL,NULL,NULL
NULL,NULL,NULL,1,"E-AB","E.","AB",NULL,"en",NULL,NULL
NULL,NULL,NULL,1,"F-AB","F.","AB",NULL,"fr",NULL,NULL
NULL,NULL,NULL,1,"G-AB","G.","AB",NULL,NULL,NULL,NULL
NULL,NULL,NULL,1,"H-AB","H.","AB",NULL,NULL,NULL,NULL
NULL,NULL,NULL,1,"I-AB","I.","AB",NULL,NULL,NULL,NULL
NULL,NULL,NULL,1,"J-AB","J.","AB",NULL,NULL,NULL,NULL
NULL,NULL,NULL,1,"K-AB","K.","AB",NULL,NULL,NULL,NULL
NULL,NULL,NULL,1,"L-AB","L.","AB",NULL,NULL,NULL,NULL
NULL,NULL,NULL,1,"M-AB","M.","AB",NULL,NULL,NULL,NULL
NULL,NULL,NULL,1,"N-AB","N.","AB",NULL,NULL,NULL,NULL
NULL,NULL,NULL,1,"O-AB","O.","AB",NULL,NULL,NULL,NULL
NULL,NULL,NULL,1,"P-AB","P.","AB",NULL,NULL,NULL,NULL
NULL,NULL,NULL,1,"Q-AB","Q.","AB",NULL,NULL,NULL,NULL
NULL,NULL,NULL,1,"R-AB","R.","AB",NULL,NULL,NULL,NULL
NULL,NULL,NULL,1,"S-AB","S.","AB",NULL,NULL,NULL,NULL
NULL,NULL,NULL,1,"T-AB","T.","AB",NULL,NULL,NULL,NULL
NULL,NULL,NULL,1,"U-AB","U.","AB",NULL,NULL,NULL,NULL
NULL,NULL,NULL,1,"V-AB","V.","AB",NULL,NULL,NULL,NULL
NULL,NULL,NULL,1,"W-AB","W.","AB",NULL,NULL,NULL,NULL
NULL,NULL,NULL,1,"X-AB","X.","AB",NULL,NULL,NULL,NULL
NULL,NULL,NULL,1,"Y-AB","Y.","AB",NULL,NULL,NULL,NULL
NULL,NULL,NULL,1,"Z-AB","Z.","AB",NULL,NULL,NULL,NULL
NULL,NULL,NULL,1,"A-AC","A.","AC",NULL,NULL,NULL,"2010-01-01"
NULL,NULL,NULL,1,"B-AC","B.","AC",NULL,NULL,NULL,"2010-07-01"
NULL,NULL,NULL,1,"C-AC","C.","AC",NULL,NULL,NULL,"2011-01-01"
NULL,NULL,NULL,1,"D-AC","D.","AC","deceased",NULL,NULL,NULL
NULL,NULL,NULL,1,"E-AC","E.","AC",NULL,"en",NULL,NULL
NULL,NULL,NULL,1,"F-AC","F.","AC",NULL,"fr",NULL,NULL
NULL,NULL,NULL,1,"G-AC","G.","AC",NULL,NULL,NULL,NULL
NULL,NULL,NULL,1,"H-AC","H.","AC",NULL,NULL,NULL,NULL
NULL,NULL,NULL,1,"I-AC","I.","AC",NULL,NULL,NULL,NULL
NULL,NULL,NULL,1,"J-AC","J.","AC",NULL,NULL,NULL,NULL
NULL,NULL,NULL,1,"K-AC","K.","AC",NULL,NULL,NULL,NULL
NULL,NULL,NULL,1,"L-AC","L.","AC",NULL,NULL,NULL,NULL
NULL,NULL,NULL,1,"M-AC","M.","AC",NULL,NULL,NULL,NULL
NULL,NULL,NULL,1,"N-AC","N.","AC",NULL,NULL,NULL,NULL
NULL,NULL,NULL,1,"O-AC","O.","AC",NULL,NULL,NULL,NULL
NULL,NULL,NULL,1,"P-AC","P.","AC",NULL,NULL,NULL,NULL
NULL,NULL,NULL,1,"Q-AC","Q.","AC",NULL,NULL,NULL,NULL
NULL,NULL,NULL,1,"R-AC","R.","AC",NULL,NULL,NULL,NULL
NULL,NULL,NULL,1,"S-AC","S.","AC",NULL,NULL,NULL,NULL
NULL,NULL,NULL,1,"T-AC","T.","AC",NULL,NULL,NULL,NULL
NULL,NULL,NULL,1,"U-AC","U.","AC",NULL,NULL,NULL,NULL
NULL,NULL,NULL,1,"V-AC","V.","AC",NULL,NULL,NULL,NULL
NULL,NULL,NULL,1,"W-AC","W.","AC",NULL,NULL,NULL,NULL
NULL,NULL,NULL,1,"X-AC","X.","AC",NULL,NULL,NULL,NULL
NULL,NULL,NULL,1,"Y-AC","Y.","AC",NULL,NULL,NULL,NULL
NULL,NULL,NULL,1,"Z-AC","Z.","AC",NULL,NULL,NULL,NULL
NULL,NULL,NULL,1,"A-AD","A.","AD",NULL,NULL,NULL,"2010-01-01"
NULL,NULL,NULL,1,"B-AD","B.","AD",NULL,NULL,NULL,"2010-07-01"
NULL,NULL,NULL,1,"C-AD","C.","AD",NULL,NULL,NULL,"2011-01-01"
NULL,NULL,NULL,1,"D-AD","D.","AD","deceased",NULL,NULL,NULL
NULL,NULL,NULL,1,"E-AD","E.","AD",NULL,"en",NULL,NULL
NULL,NULL,NULL,1,"F-AD","F.","AD",NULL,"fr",NULL,NULL
NULL,NULL,NULL,1,"G-AD","G.","AD",NULL,NULL,NULL,NULL
NULL,NULL,NULL,1,"H-AD","H.","AD",NULL,NULL,NULL,NULL
NULL,NULL,NULL,1,"I-AD","I.","AD",NULL,NULL,NULL,NULL
NULL,NULL,NULL,1,"J-AD","J.","AD",NULL,NULL,NULL,NULL
NULL,NULL,NULL,1,"K-AD","K.","AD",NULL,NULL,NULL,NULL
NULL,NULL,NULL,1,"L-AD","L.","AD",NULL,NULL,NULL,NULL
NULL,NULL,NULL,1,"M-AD","M.","AD",NULL,NULL,NULL,NULL
NULL,NULL,NULL,1,"N-AD","N.","AD",NULL,NULL,NULL,NULL
NULL,NULL,NULL,1,"O-AD","O.","AD",NULL,NULL,NULL,NULL
NULL,NULL,NULL,1,"P-AD","P.","AD",NULL,NULL,NULL,NULL
NULL,NULL,NULL,1,"Q-AD","Q.","AD",NULL,NULL,NULL,NULL
NULL,NULL,NULL,1,"R-AD","R.","AD",NULL,NULL,NULL,NULL
NULL,NULL,NULL,1,"S-AD","S.","AD",NULL,NULL,NULL,NULL
NULL,NULL,NULL,1,"T-AD","T.","AD",NULL,NULL,NULL,NULL
NULL,NULL,NULL,1,"U-AD","U.","AD",NULL,NULL,NULL,NULL
NULL,NULL,NULL,1,"V-AD","V.","AD",NULL,NULL,NULL,NULL
NULL,NULL,NULL,1,"W-AD","W.","AD",NULL,NULL,NULL,NULL
NULL,NULL,NULL,1,"X-AD","X.","AD",NULL,NULL,NULL,NULL
NULL,NULL,NULL,1,"Y-AD","Y.","AD",NULL,NULL,NULL,NULL
NULL,NULL,NULL,1,"Z-AD","Z.","AD",NULL,NULL,NULL,NULL
NULL,NULL,NULL,1,"A-AE","A.","AE",NULL,NULL,NULL,"2010-01-01"
NULL,NULL,NULL,1,"B-AE","B.","AE",NULL,NULL,NULL,"2010-07-01"
NULL,NULL,NULL,1,"C-AE","C.","AE",NULL,NULL,NULL,"2011-01-01"
NULL,NULL,NULL,1,"D-AE","D.","AE","deceased",NULL,NULL,NULL
NULL,NULL,NULL,1,"E-AE","E.","AE",NULL,"en",NULL,NULL
NULL,NULL,NULL,1,"F-AE","F.","AE",NULL,"fr",NULL,NULL
NULL,NULL,NULL,1,"G-AE","G.","AE",NULL,NULL,NULL,NULL
NULL,NULL,NULL,1,"H-AE","H.","AE",NULL,NULL,NULL,NULL
NULL,NULL,NULL,1,"I-AE","I.","AE",NULL,NULL,NULL,NULL
NULL,NULL,NULL,1,"J-AE","J.","AE",NULL,NULL,NULL,NULL
NULL,NULL,NULL,1,"K-AE","K.","AE",NULL,NULL,NULL,NULL
NULL,NULL,NULL,1,"L-AE","L.","AE",NULL,NULL,NULL,NULL
NULL,NULL,NULL,1,"M-AE","M.","AE",NULL,NULL,NULL,NULL
NULL,NULL,NULL,1,"N-AE","N.","AE",NULL,NULL,NULL,NULL
NULL,NULL,NULL,1,"O-AE","O.","AE",NULL,NULL,NULL,NULL
NULL,NULL,NULL,1,"P-AE","P.","AE",NULL,NULL,NULL,NULL
NULL,NULL,NULL,1,"Q-AE","Q.","AE",NULL,NULL,NULL,NULL
NULL,NULL,NULL,1,"R-AE","R.","AE",NULL,NULL,NULL,NULL
NULL,NULL,NULL,1,"S-AE","S.","AE",NULL,NULL,NULL,NULL
NULL,NULL,NULL,1,"T-AE","T.","AE",NULL,NULL,NULL,NULL
NULL,NULL,NULL,1,"U-AE","U.","AE",NULL,NULL,NULL,NULL
NULL,NULL,NULL,1,"V-AE","V.","AE",NULL,NULL,NULL,NULL
NULL,NULL,NULL,1,"W-AE","W.","AE",NULL,NULL,NULL,NULL
NULL,NULL,NULL,1,"X-AE","X.","AE",NULL,NULL,NULL,NULL
NULL,NULL,NULL,1,"Y-AE","Y.","AE",NULL,NULL,NULL,NULL
NULL,NULL,NULL,1,"Z-AE","Z.","AE",NULL,NULL,NULL,NULL
NULL,NULL,NULL,1,"A-AF","A.","AF",NULL,NULL,NULL,"2010-01-01"
NULL,NULL,NULL,1,"B-AF","B.","AF",NULL,NULL,NULL,"2010-07-01"
NULL,NULL,NULL,1,"C-AF","C.","AF",NULL,NULL,NULL,"2011-01-01"
NULL,NULL,NULL,1,"D-AF","D.","AF","deceased",NULL,NULL,NULL
NULL,NULL,NULL,1,"E-AF","E.","AF",NULL,"en",NULL,NULL
NULL,NULL,NULL,1,"F-AF","F.","AF",NULL,"fr",NULL,NULL
NULL,NULL,NULL,1,"G-AF","G.","AF",NULL,NULL,NULL,NULL
NULL,NULL,NULL,1,"H-AF","H.","AF",NULL,NULL,NULL,NULL
NULL,NULL,NULL,1,"I-AF","I.","AF",NULL,NULL,NULL,NULL
NULL,NULL,NULL,1,"J-AF","J.","AF",NULL,NULL,NULL,NULL
NULL,NULL,NULL,1,"K-AF","K.","AF",NULL,NULL,NULL,NULL
NULL,NULL,NULL,1,"L-AF","L.","AF",NULL,NULL,NULL,NULL
NULL,NULL,NULL,1,"M-AF","M.","AF",NULL,NULL,NULL,NULL
NULL,NULL,NULL,1,"N-AF","N.","AF",NULL,NULL,NULL,NULL
NULL,NULL,NULL,1,"O-AF","O.","AF",NULL,NULL,NULL,NULL
NULL,NULL,NULL,1,"P-AF","P.","AF",NULL,NULL,NULL,NULL
NULL,NULL,NULL,1,"Q-AF","Q.","AF",NULL,NULL,NULL,NULL
NULL,NULL,NULL,1,"R-AF","R.","AF",NULL,NULL,NULL,NULL
NULL,NULL,NULL,1,"S-AF","S.","AF",NULL,NULL,NULL,NULL
NULL,NULL,NULL,1,"T-AF","T.","AF",NULL,NULL,NULL,NULL
NULL,NULL,NULL,1,"U-AF","U.","AF",NULL,NULL,NULL,NULL
NULL,NULL,NULL,1,"V-AF","V.","AF",NULL,NULL,NULL,NULL
NULL,NULL,NULL,1,"W-AF","W.","AF",NULL,NULL,NULL,NULL
NULL,NULL,NULL,1,"X-AF","X.","AF",NULL,NULL,NULL,NULL
NULL,NULL,NULL,1,"Y-AF","Y.","AF",NULL,NULL,NULL,NULL
NULL,NULL,NULL,1,"Z-AF","Z.","AF",NULL,NULL,NULL,NULL
NULL,NULL,NULL,1,"A-AG","A.","AG",NULL,NULL,NULL,"2010-01-01"
NULL,NULL,NULL,1,"B-AG","B.","AG",NULL,NULL,NULL,"2010-07-01"
NULL,NULL,NULL,1,"C-AG","C.","AG",NULL,NULL,NULL,"2011-01-01"
NULL,NULL,NULL,1,"D-AG","D.","AG","deceased",NULL,NULL,NULL
NULL,NULL,NULL,1,"E-AG","E.","AG",NULL,"en",NULL,NULL
NULL,NULL,NULL,1,"F-AG","F.","AG",NULL,"fr",NULL,NULL
NULL,NULL,NULL,1,"G-AG","G.","AG",NULL,NULL,NULL,NULL
NULL,NULL,NULL,1,"H-AG","H.","AG",NULL,NULL,NULL,NULL
NULL,NULL,NULL,1,"I-AG","I.","AG",NULL,NULL,NULL,NULL
NULL,NULL,NULL,1,"J-AG","J.","AG",NULL,NULL,NULL,NULL
NULL,NULL,NULL,1,"K-AG","K.","AG",NULL,NULL,NULL,NULL
NULL,NULL,NULL,1,"L-AG","L.","AG",NULL,NULL,NULL,NULL
NULL,NULL,NULL,1,"M-AG","M.","AG",NULL,NULL,NULL,NULL
NULL,NULL,NULL,1,"N-AG","N.","AG",NULL,NULL,NULL,NULL
NULL,NULL,NULL,1,"O-AG","O.","AG",NULL,NULL,NULL,NULL
NULL,NULL,NULL,1,"P-AG","P.","AG",NULL,NULL,NULL,NULL
NULL,NULL,NULL,1,"Q-AG","Q.","AG",NULL,NULL,NULL,NULL
NULL,NULL,NULL,1,"R-AG","R.","AG",NULL,NULL,NULL,NULL
NULL,NULL,NULL,1,"S-AG","S.","AG",NULL,NULL,NULL,NULL
NULL,NULL,NULL,1,"T-AG","T.","AG",NULL,NULL,NULL,NULL
NULL,NULL,NULL,1,"U-AG","U.","AG",NULL,NULL,NULL,NULL
NULL,NULL,NULL,1,"V-AG","V.","AG",NULL,NULL,NULL,NULL
NULL,NULL,NULL,1,"W-AG","W.","AG",NULL,NULL,NULL,NULL
NULL,NULL,NULL,1,"X-AG","X.","AG",NULL,NULL,NULL,NULL
NULL,NULL,NULL,1,"Y-AG","Y.","AG",NULL,NULL,NULL,NULL
NULL,NULL,NULL,1,"Z-AG","Z.","AG",NULL,NULL,NULL,NULL
NULL,NULL,NULL,1,"A-AH","A.","AH",NULL,NULL,NULL,"2010-01-01"
NULL,NULL,NULL,1,"B-AH","B.","AH",NULL,NULL,NULL,"2010-07-01"
NULL,NULL,NULL,1,"C-AH","C.","AH",NULL,NULL,NULL,"2011-01-01"
NULL,NULL,NULL,1,"D-AH","D.","AH","deceased",NULL,NULL,NULL
NULL,NULL,NULL,1,"E-AH","E.","AH",NULL,"en",NULL,NULL
NULL,NULL,NULL,1,"F-AH","F.","AH",NULL,"fr",NULL,NULL
NULL,NULL,NULL,1,"G-AH","G.","AH",NULL,NULL,NULL,NULL
NULL,NULL,NULL,1,"H-AH","H.","AH",NULL,NULL,NULL,NULL
NULL,NULL,NULL,1,"I-AH","I.","AH",NULL,NULL,NULL,NULL
NULL,NULL,NULL,1,"J-AH","J.","AH",NULL,NULL,NULL,NULL
NULL,NULL,NULL,1,"K-AH","K.","AH",NULL,NULL,NULL,NULL
NULL,NULL,NULL,1,"L-AH","L.","AH",NULL,NULL,NULL,NULL
NULL,NULL,NULL,1,"M-AH","M.","AH",NULL,NULL,NULL,NULL
NULL,NULL,NULL,1,"N-AH","N.","AH",NULL,NULL,NULL,NULL
NULL,NULL,NULL,1,"O-AH","O.","AH",NULL,NULL,NULL,NULL
NULL,NULL,NULL,1,"P-AH","P.","AH",NULL,NULL,NULL,NULL
NULL,NULL,NULL,1,"Q-AH","Q.","AH",NULL,NULL,NULL,NULL
NULL,NULL,NULL,1,"R-AH","R.","AH",NULL,NULL,NULL,NULL
NULL,NULL,NULL,1,"S-AH","S.","AH",NULL,NULL,NULL,NULL
NULL,NULL,NULL,1,"T-AH","T.","AH",NULL,NULL,NULL,NULL
NULL,NULL,NULL,1,"U-AH","U.","AH",NULL,NULL,NULL,NULL
NULL,NULL,NULL,1,"V-AH","V.","AH",NULL,NULL,NULL,NULL
NULL,NULL,NULL,1,"W-AH","W.","AH",NULL,NULL,NULL,NULL
NULL,NULL,NULL,1,"X-AH","X.","AH",NULL,NULL,NULL,NULL
NULL,NULL,NULL,1,"Y-AH","Y.","AH",NULL,NULL,NULL,NULL
NULL,NULL,NULL,1,"Z-AH","Z.","AH",NULL,NULL,NULL,NULL
NULL,NULL,NULL,1,"A-AI","A.","AI",NULL,NULL,NULL,"2010-01-01"
NULL,NULL,NULL,1,"B-AI","B.","AI",NULL,NULL,NULL,"2010-07-01"
NULL,NULL,NULL,1,"C-AI","C.","AI",NULL,NULL,NULL,"2011-01-01"
NULL,NULL,NULL,1,"D-AI","D.","AI","deceased",NULL,NULL,NULL
NULL,NULL,NULL,1,"E-AI","E.","AI",NULL,"en",NULL,NULL
NULL,NULL,NULL,1,"F-AI","F.","AI",NULL,"fr",NULL,NULL
NULL,NULL,NULL,1,"G-AI","G.","AI",NULL,NULL,NULL,NULL
NULL,NULL,NULL,1,"H-AI","H.","AI",NULL,NULL,NULL,NULL
NULL,NULL,NULL,1,"I-AI","I.","AI",NULL,NULL,NULL,NULL
NULL,NULL,NULL,1,"J-AI","J.","AI",NULL,NULL,NULL,NULL
NULL,NULL,NULL,1,"K-AI","K.","AI",NULL,NULL,NULL,NULL
NULL,NULL,NULL,1,"L-AI","L.","AI",NULL,NULL,NULL,NULL
NULL,NULL,NULL,1,"M-AI","M.","AI",NULL,NULL,NULL,NULL
NULL,NULL,NULL,1,"N-AI","N.","AI",NULL,NULL,NULL,NULL
NULL,NULL,NULL,1,"O-AI","O.","AI",NULL,NULL,NULL,NULL
NULL,NULL,NULL,1,"P-AI","P.","AI",NULL,NULL,NULL,NULL
NULL,NULL,NULL,1,"Q-AI","Q.","AI",NULL,NULL,NULL,NULL
NULL,NULL,NULL,1,"R-AI","R.","AI",NULL,NULL,NULL,NULL
NULL,NULL,NULL,1,"S-AI","S.","AI",NULL,NULL,NULL,NULL
NULL,NULL,NULL,1,"T-AI","T.","AI",NULL,NULL,NULL,NULL
NULL,NULL,NULL,1,"U-AI","U.","AI",NULL,NULL,NULL,NULL
NULL,NULL,NULL,1,"V-AI","V.","AI",NULL,NULL,NULL,NULL
NULL,NULL,NULL,1,"W-AI","W.","AI",NULL,NULL,NULL,NULL
NULL,NULL,NULL,1,"X-AI","X.","AI",NULL,NULL,NULL,NULL
NULL,NULL,NULL,1,"Y-AI","Y.","AI",NULL,NULL,NULL,NULL
NULL,NULL,NULL,1,"Z-AI","Z.","AI",NULL,NULL,NULL,NULL
NULL,NULL,NULL,1,"A-AJ","A.","AJ",NULL,NULL,NULL,"2010-01-01"
NULL,NULL,NULL,1,"B-AJ","B.","AJ",NULL,NULL,NULL,"2010-07-01"
NULL,NULL,NULL,1,"C-AJ","C.","AJ",NULL,NULL,NULL,"2011-01-01"
NULL,NULL,NULL,1,"D-AJ","D.","AJ","deceased",NULL,NULL,NULL
NULL,NULL,NULL,1,"E-AJ","E.","AJ",NULL,"en",NULL,NULL
NULL,NULL,NULL,1,"F-AJ","F.","AJ",NULL,"fr",NULL,NULL
NULL,NULL,NULL,1,"G-AJ","G.","AJ",NULL,NULL,NULL,NULL
NULL,NULL,NULL,1,"H-AJ","H.","AJ",NULL,NULL,NULL,NULL
NULL,NULL,NULL,1,"I-AJ","I.","AJ",NULL,NULL,NULL,NULL
NULL,NULL,NULL,1,"J-AJ","J.","AJ",NULL,NULL,NULL,NULL
NULL,NULL,NULL,1,"K-AJ","K.","AJ",NULL,NULL,NULL,NULL
NULL,NULL,NULL,1,"L-AJ","L.","AJ",NULL,NULL,NULL,NULL
NULL,NULL,NULL,1,"M-AJ","M.","AJ",NULL,NULL,NULL,NULL
NULL,NULL,NULL,1,"N-AJ","N.","AJ",NULL,NULL,NULL,NULL
NULL,NULL,NULL,1,"O-AJ","O.","AJ",NULL,NULL,NULL,NULL
NULL,NULL,NULL,1,"P-AJ","P.","AJ",NULL,NULL,NULL,NULL
NULL,NULL,NULL,1,"Q-AJ","Q.","AJ",NULL,NULL,NULL,NULL
NULL,NULL,NULL,1,"R-AJ","R.","AJ",NULL,NULL,NULL,NULL
NULL,NULL,NULL,1,"S-AJ","S.","AJ",NULL,NULL,NULL,NULL
NULL,NULL,NULL,1,"T-AJ","T.","AJ",NULL,NULL,NULL,NULL
NULL,NULL,NULL,1,"U-AJ","U.","AJ",NULL,NULL,NULL,NULL
NULL,NULL,NULL,1,"V-AJ","V.","AJ",NULL,NULL,NULL,NULL
NULL,NULL,NULL,1,"W-AJ","W.","AJ",NULL,NULL,NULL,NULL
NULL,NULL,NULL,1,"X-AJ","X.","AJ",NULL,NULL,NULL,NULL
NULL,NULL,NULL,1,"Y-AJ","Y.","AJ",NULL,NULL,NULL,NULL
NULL,NULL,NULL,1,"Z-AJ","Z.","AJ",NULL,NULL,NULL,NULL
NULL,NULL,NULL,1,"A-AK","A.","AK",NULL,NULL,NULL,"2010-01-01"
NULL,NULL,NULL,1,"B-AK","B.","AK",NULL,NULL,NULL,"2010-07-01"
NULL,NULL,NULL,1,"C-AK","C.","AK",NULL,NULL,NULL,"2011-01-01"
NULL,NULL,NULL,1,"D-AK","D.","AK","deceased",NULL,NULL,NULL
NULL,NULL,NULL,1,"E-AK","E.","AK",NULL,"en",NULL,NULL
NULL,NULL,NULL,1,"F-AK","F.","AK",NULL,"fr",NULL,NULL
NULL,NULL,NULL,1,"G-AK","G.","AK",NULL,NULL,NULL,NULL
NULL,NULL,NULL,1,"H-AK","H.","AK",NULL,NULL,NULL,NULL
NULL,NULL,NULL,1,"I-AK","I.","AK",NULL,NULL,NULL,NULL
NULL,NULL,NULL,1,"J-AK","J.","AK",NULL,NULL,NULL,NULL
NULL,NULL,NULL,1,"K-AK","K.","AK",NULL,NULL,NULL,NULL
NULL,NULL,NULL,1,"L-AK","L.","AK",NULL,NULL,NULL,NULL
NULL,NULL,NULL,1,"M-AK","M.","AK",NULL,NULL,NULL,NULL
NULL,NULL,NULL,1,"N-AK","N.","AK",NULL,NULL,NULL,NULL
NULL,NULL,NULL,1,"O-AK","O.","AK",NULL,NULL,NULL,NULL
NULL,NULL,NULL,1,"P-AK","P.","AK",NULL,NULL,NULL,NULL
NULL,NULL,NULL,1,"Q-AK","Q.","AK",NULL,NULL,NULL,NULL
NULL,NULL,NULL,1,"R-AK","R.","AK",NULL,NULL,NULL,NULL
NULL,NULL,NULL,1,"S-AK","S.","AK",NULL,NULL,NULL,NULL
NULL,NULL,NULL,1,"T-AK","T.","AK",NULL,NULL,NULL,NULL
NULL,NULL,NULL,1,"U-AK","U.","AK",NULL,NULL,NULL,NULL
NULL,NULL,NULL,1,"V-AK","V.","AK",NULL,NULL,NULL,NULL
NULL,NULL,NULL,1,"W-AK","W.","AK",NULL,NULL,NULL,NULL
NULL,NULL,NULL,1,"X-AK","X.","AK",NULL,NULL,NULL,NULL
NULL,NULL,NULL,1,"Y-AK","Y.","AK",NULL,NULL,NULL,NULL
NULL,NULL,NULL,1,"Z-AK","Z.","AK",NULL,NULL,NULL,NULL
NULL,NULL,NULL,1,"A-AL","A.","AL",NULL,NULL,NULL,"2010-01-01"
NULL,NULL,NULL,1,"B-AL","B.","AL",NULL,NULL,NULL,"2010-07-01"
NULL,NULL,NULL,1,"C-AL","C.","AL",NULL,NULL,NULL,"2011-01-01"
NULL,NULL,NULL,1,"D-AL","D.","AL","deceased",NULL,NULL,NULL
NULL,NULL,NULL,1,"E-AL","E.","AL",NULL,"en",NULL,NULL
NULL,NULL,NULL,1,"F-AL","F.","AL",NULL,"fr",NULL,NULL
NULL,NULL,NULL,1,"G-AL","G.","AL",NULL,NULL,NULL,NULL
NULL,NULL,NULL,1,"H-AL","H.","AL",NULL,NULL,NULL,NULL
NULL,NULL,NULL,1,"I-AL","I.","AL",NULL,NULL,NULL,NULL
NULL,NULL,NULL,1,"J-AL","J.","AL",NULL,NULL,NULL,NULL
NULL,NULL,NULL,1,"K-AL","K.","AL",NULL,NULL,NULL,NULL
NULL,NULL,NULL,1,"L-AL","L.","AL",NULL,NULL,NULL,NULL
NULL,NULL,NULL,1,"M-AL","M.","AL",NULL,NULL,NULL,NULL
NULL,NULL,NULL,1,"N-AL","N.","AL",NULL,NULL,NULL,NULL
NULL,NULL,NULL,1,"O-AL","O.","AL",NULL,NULL,NULL,NULL
NULL,NULL,NULL,1,"P-AL","P.","AL",NULL,NULL,NULL,NULL
NULL,NULL,NULL,1,"Q-AL","Q.","AL",NULL,NULL,NULL,NULL
NULL,NULL,NULL,1,"R-AL","R.","AL",NULL,NULL,NULL,NULL
NULL,NULL,NULL,1,"S-AL","S.","AL",NULL,NULL,NULL,NULL
NULL,NULL,NULL,1,"T-AL","T.","AL",NULL,NULL,NULL,NULL
NULL,NULL,NULL,1,"U-AL","U.","AL",NULL,NULL,NULL,NULL
NULL,NULL,NULL,1,"V-AL","V.","AL",NULL,NULL,NULL,NULL
NULL,NULL,NULL,1,"W-AL","W.","AL",NULL,NULL,NULL,NULL
NULL,NULL,NULL,1,"X-AL","X.","AL",NULL,NULL,NULL,NULL
NULL,NULL,NULL,1,"Y-AL","Y.","AL",NULL,NULL,NULL,NULL
NULL,NULL,NULL,1,"Z-AL","Z.","AL",NULL,NULL,NULL,NULL
NULL,NULL,NULL,1,"A-AM","A.","AM",NULL,NULL,NULL,"2010-01-01"
NULL,NULL,NULL,1,"B-AM","B.","AM",NULL,NULL,NULL,"2010-07-01"
NULL,NULL,NULL,1,"C-AM","C.","AM",NULL,NULL,NULL,"2011-01-01"
NULL,NULL,NULL,1,"D-AM","D.","AM","deceased",NULL,NULL,NULL
NULL,NULL,NULL,1,"E-AM","E.","AM",NULL,"en",NULL,NULL
NULL,NULL,NULL,1,"F-AM","F.","AM",NULL,"fr",NULL,NULL
NULL,NULL,NULL,1,"G-AM","G.","AM",NULL,NULL,NULL,NULL
NULL,NULL,NULL,1,"H-AM","H.","AM",NULL,NULL,NULL,NULL
NULL,NULL,NULL,1,"I-AM","I.","AM",NULL,NULL,NULL,NULL
NULL,NULL,NULL,1,"J-AM","J.","AM",NULL,NULL,NULL,NULL
NULL,NULL,NULL,1,"K-AM","K.","AM",NULL,NULL,NULL,NULL
NULL,NULL,NULL,1,"L-AM","L.","AM",NULL,NULL,NULL,NULL
NULL,NULL,NULL,1,"M-AM","M.","AM",NULL,NULL,NULL,NULL
NULL,NULL,NULL,1,"N-AM","N.","AM",NULL,NULL,NULL,NULL
NULL,NULL,NULL,1,"O-AM","O.","AM",NULL,NULL,NULL,NULL
NULL,NULL,NULL,1,"P-AM","P.","AM",NULL,NULL,NULL,NULL
NULL,NULL,NULL,1,"Q-AM","Q.","AM",NULL,NULL,NULL,NULL
NULL,NULL,NULL,1,"R-AM","R.","AM",NULL,NULL,NULL,NULL
NULL,NULL,NULL,1,"S-AM","S.","AM",NULL,NULL,NULL,NULL
NULL,NULL,NULL,1,"T-AM","T.","AM",NULL,NULL,NULL,NULL
NULL,NULL,NULL,1,"U-AM","U.","AM",NULL,NULL,NULL,NULL
NULL,NULL,NULL,1,"V-AM","V.","AM",NULL,NULL,NULL,NULL
NULL,NULL,NULL,1,"W-AM","W.","AM",NULL,NULL,NULL,NULL
NULL,NULL,NULL,1,"X-AM","X.","AM",NULL,NULL,NULL,NULL
NULL,NULL,NULL,1,"Y-AM","Y.","AM",NULL,NULL,NULL,NULL
NULL,NULL,NULL,1,"Z-AM","Z.","AM",NULL,NULL,NULL,NULL
NULL,NULL,NULL,1,"A-AN","A.","AN",NULL,NULL,NULL,"2010-01-01"
NULL,NULL,NULL,1,"B-AN","B.","AN",NULL,NULL,NULL,"2010-07-01"
NULL,NULL,NULL,1,"C-AN","C.","AN",NULL,NULL,NULL,"2011-01-01"
NULL,NULL,NULL,1,"D-AN","D.","AN","deceased",NULL,NULL,NULL
NULL,NULL,NULL,1,"E-AN","E.","AN",NULL,"en",NULL,NULL
NULL,NULL,NULL,1,"F-AN","F.","AN",NULL,"fr",NULL,NULL
NULL,NULL,NULL,1,"G-AN","G.","AN",NULL,NULL,NULL,NULL
NULL,NULL,NULL,1,"H-AN","H.","AN",NULL,NULL,NULL,NULL
NULL,NULL,NULL,1,"I-AN","I.","AN",NULL,NULL,NULL,NULL
NULL,NULL,NULL,1,"J-AN","J.","AN",NULL,NULL,NULL,NULL
NULL,NULL,NULL,1,"K-AN","K.","AN",NULL,NULL,NULL,NULL
NULL,NULL,NULL,1,"L-AN","L.","AN",NULL,NULL,NULL,NULL
NULL,NULL,NULL,1,"M-AN","M.","AN",NULL,NULL,NULL,NULL
NULL,NULL,NULL,1,"N-AN","N.","AN",NULL,NULL,NULL,NULL
NULL,NULL,NULL,1,"O-AN","O.","AN",NULL,NULL,NULL,NULL
NULL,NULL,NULL,1,"P-AN","P.","AN",NULL,NULL,NULL,NULL
NULL,NULL,NULL,1,"Q-AN","Q.","AN",NULL,NULL,NULL,NULL
NULL,NULL,NULL,1,"R-AN","R.","AN",NULL,NULL,NULL,NULL
NULL,NULL,NULL,1,"S-AN","S.","AN",NULL,NULL,NULL,NULL
NULL,NULL,NULL,1,"T-AN","T.","AN",NULL,NULL,NULL,NULL
NULL,NULL,NULL,1,"U-AN","U.","AN",NULL,NULL,NULL,NULL
NULL,NULL,NULL,1,"V-AN","V.","AN",NULL,NULL,NULL,NULL
NULL,NULL,NULL,1,"W-AN","W.","AN",NULL,NULL,NULL,NULL
NULL,NULL,NULL,1,"X-AN","X.","AN",NULL,NULL,NULL,NULL
NULL,NULL,NULL,1,"Y-AN","Y.","AN",NULL,NULL,NULL,NULL
NULL,NULL,NULL,1,"Z-AN","Z.","AN",NULL,NULL,NULL,NULL
NULL,NULL,NULL,1,"A-AO","A.","AO",NULL,NULL,NULL,"2010-01-01"
NULL,NULL,NULL,1,"B-AO","B.","AO",NULL,NULL,NULL,"2010-07-01"
NULL,NULL,NULL,1,"C-AO","C.","AO",NULL,NULL,NULL,"2011-01-01"
NULL,NULL,NULL,1,"D-AO","D.","AO","deceased",NULL,NULL,NULL
NULL,NULL,NULL,1,"E-AO","E.","AO",NULL,"en",NULL,NULL
NULL,NULL,NULL,1,"F-AO","F.","AO",NULL,"fr",NULL,NULL
NULL,NULL,NULL,1,"G-AO","G.","AO",NULL,NULL,NULL,NULL
NULL,NULL,NULL,1,"H-AO","H.","AO",NULL,NULL,NULL,NULL
NULL,NULL,NULL,1,"I-AO","I.","AO",NULL,NULL,NULL,NULL
NULL,NULL,NULL,1,"J-AO","J.","AO",NULL,NULL,NULL,NULL
NULL,NULL,NULL,1,"K-AO","K.","AO",NULL,NULL,NULL,NULL
NULL,NULL,NULL,1,"L-AO","L.","AO",NULL,NULL,NULL,NULL
NULL,NULL,NULL,1,"M-AO","M.","AO",NULL,NULL,NULL,NULL
NULL,NULL,NULL,1,"N-AO","N.","AO",NULL,NULL,NULL,NULL
NULL,NULL,NULL,1,"O-AO","O.","AO",NULL,NULL,NULL,NULL
NULL,NULL,NULL,1,"P-AO","P.","AO",NULL,NULL,NULL,NULL
NULL,NULL,NULL,1,"Q-AO","Q.","AO",NULL,NULL,NULL,NULL
NULL,NULL,NULL,1,"R-AO","R.","AO",NULL,NULL,NULL,NULL
NULL,NULL,NULL,1,"S-AO","S.","AO",NULL,NULL,NULL,NULL
NULL,NULL,NULL,1,"T-AO","T.","AO",NULL,NULL,NULL,NULL
NULL,NULL,NULL,1,"U-AO","U.","AO",NULL,NULL,NULL,NULL
NULL,NULL,NULL,1,"V-AO","V.","AO",NULL,NULL,NULL,NULL
NULL,NULL,NULL,1,"W-AO","W.","AO",NULL,NULL,NULL,NULL
NULL,NULL,NULL,1,"X-AO","X.","AO",NULL,NULL,NULL,NULL
NULL,NULL,NULL,1,"Y-AO","Y.","AO",NULL,NULL,NULL,NULL
NULL,NULL,NULL,1,"Z-AO","Z.","AO",NULL,NULL,NULL,NULL
NULL,NULL,NULL,1,"A-AP","A.","AP",NULL,NULL,NULL,"2010-01-01"
NULL,NULL,NULL,1,"B-AP","B.","AP",NULL,NULL,NULL,"2010-07-01"
NULL,NULL,NULL,1,"C-AP","C.","AP",NULL,NULL,NULL,"2011-01-01"
NULL,NULL,NULL,1,"D-AP","D.","AP","deceased",NULL,NULL,NULL
NULL,NULL,NULL,1,"E-AP","E.","AP",NULL,"en",NULL,NULL
NULL,NULL,NULL,1,"F-AP","F.","AP",NULL,"fr",NULL,NULL
NULL,NULL,NULL,1,"G-AP","G.","AP",NULL,NULL,NULL,NULL
NULL,NULL,NULL,1,"H-AP","H.","AP",NULL,NULL,NULL,NULL
NULL,NULL,NULL,1,"I-AP","I.","AP",NULL,NULL,NULL,NULL
NULL,NULL,NULL,1,"J-AP","J.","AP",NULL,NULL,NULL,NULL
NULL,NULL,NULL,1,"K-AP","K.","AP",NULL,NULL,NULL,NULL
NULL,NULL,NULL,1,"L-AP","L.","AP",NULL,NULL,NULL,NULL
NULL,NULL,NULL,1,"M-AP","M.","AP",NULL,NULL,NULL,NULL
NULL,NULL,NULL,1,"N-AP","N.","AP",NULL,NULL,NULL,NULL
NULL,NULL,NULL,1,"O-AP","O.","AP",NULL,NULL,NULL,NULL
NULL,NULL,NULL,1,"P-AP","P.","AP",NULL,NULL,NULL,NULL
NULL,NULL,NULL,1,"Q-AP","Q.","AP",NULL,NULL,NULL,NULL
NULL,NULL,NULL,1,"R-AP","R.","AP",NULL,NULL,NULL,NULL
NULL,NULL,NULL,1,"S-AP","S.","AP",NULL,NULL,NULL,NULL
NULL,NULL,NULL,1,"T-AP","T.","AP",NULL,NULL,NULL,NULL
NULL,NULL,NULL,1,"U-AP","U.","AP",NULL,NULL,NULL,NULL
NULL,NULL,NULL,1,"V-AP","V.","AP",NULL,NULL,NULL,NULL
NULL,NULL,NULL,1,"W-AP","W.","AP",NULL,NULL,NULL,NULL
NULL,NULL,NULL,1,"X-AP","X.","AP",NULL,NULL,NULL,NULL
NULL,NULL,NULL,1,"Y-AP","Y.","AP",NULL,NULL,NULL,NULL
NULL,NULL,NULL,1,"Z-AP","Z.","AP",NULL,NULL,NULL,NULL
NULL,NULL,NULL,1,"A-AQ","A.","AQ",NULL,NULL,NULL,"2010-01-01"
NULL,NULL,NULL,1,"B-AQ","B.","AQ",NULL,NULL,NULL,"2010-07-01"
NULL,NULL,NULL,1,"C-AQ","C.","AQ",NULL,NULL,NULL,"2011-01-01"
NULL,NULL,NULL,1,"D-AQ","D.","AQ","deceased",NULL,NULL,NULL
NULL,NULL,NULL,1,"E-AQ","E.","AQ",NULL,"en",NULL,NULL
NULL,NULL,NULL,1,"F-AQ","F.","AQ",NULL,"fr",NULL,NULL
NULL,NULL,NULL,1,"G-AQ","G.","AQ",NULL,NULL,NULL,NULL
NULL,NULL,NULL,1,"H-AQ","H.","AQ",NULL,NULL,NULL,NULL
NULL,NULL,NULL,1,"I-AQ","I.","AQ",NULL,NULL,NULL,NULL
NULL,NULL,NULL,1,"J-AQ","J.","AQ",NULL,NULL,NULL,NULL
NULL,NULL,NULL,1,"K-AQ","K.","AQ",NULL,NULL,NULL,NULL
NULL,NULL,NULL,1,"L-AQ","L.","AQ",NULL,NULL,NULL,NULL
NULL,NULL,NULL,1,"M-AQ","M.","AQ",NULL,NULL,NULL,NULL
NULL,NULL,NULL,1,"N-AQ","N.","AQ",NULL,NULL,NULL,NULL
NULL,NULL,NULL,1,"O-AQ","O.","AQ",NULL,NULL,NULL,NULL
NULL,NULL,NULL,1,"P-AQ","P.","AQ",NULL,NULL,NULL,NULL
NULL,NULL,NULL,1,"Q-AQ","Q.","AQ",NULL,NULL,NULL,NULL
NULL,NULL,NULL,1,"R-AQ","R.","AQ",NULL,NULL,NULL,NULL
NULL,NULL,NULL,1,"S-AQ","S.","AQ",NULL,NULL,NULL,NULL
NULL,NULL,NULL,1,"T-AQ","T.","AQ",NULL,NULL,NULL,NULL
NULL,NULL,NULL,1,"U-AQ","U.","AQ",NULL,NULL,NULL,NULL
NULL,NULL,NULL,1,"V-AQ","V.","AQ",NULL,NULL,NULL,NULL
NULL,NULL,NULL,1,"W-AQ","W.","AQ",NULL,NULL,NULL,NULL
NULL,NULL,NULL,1,"X-AQ","X.","AQ",NULL,NULL,NULL,NULL
NULL,NULL,NULL,1,"Y-AQ","Y.","AQ",NULL,NULL,NULL,NULL
NULL,NULL,NULL,1,"Z-AQ","Z.","AQ",NULL,NULL,NULL,NULL
NULL,NULL,NULL,1,"A-AR","A.","AR",NULL,NULL,NULL,"2010-01-01"
NULL,NULL,NULL,1,"B-AR","B.","AR",NULL,NULL,NULL,"2010-07-01"
NULL,NULL,NULL,1,"C-AR","C.","AR",NULL,NULL,NULL,"2011-01-01"
NULL,NULL,NULL,1,"D-AR","D.","AR","deceased",NULL,NULL,NULL
NULL,NULL,NULL,1,"E-AR","E.","AR",NULL,"en",NULL,NULL
NULL,NULL,NULL,1,"F-AR","F.","AR",NULL,"fr",NULL,NULL
NULL,NULL,NULL,1,"G-AR","G.","AR",NULL,NULL,NULL,NULL
NULL,NULL,NULL,1,"H-AR","H.","AR",NULL,NULL,NULL,NULL
NULL,NULL,NULL,1,"I-AR","I.","AR",NULL,NULL,NULL,NULL
NULL,NULL,NULL,1,"J-AR","J.","AR",NULL,NULL,NULL,NULL
NULL,NULL,NULL,1,"K-AR","K.","AR",NULL,NULL,NULL,NULL
NULL,NULL,NULL,1,"L-AR","L.","AR",NULL,NULL,NULL,NULL
NULL,NULL,NULL,1,"M-AR","M.","AR",NULL,NULL,NULL,NULL
NULL,NULL,NULL,1,"N-AR","N.","AR",NULL,NULL,NULL,NULL
NULL,NULL,NULL,1,"O-AR","O.","AR",NULL,NULL,NULL,NULL
NULL,NULL,NULL,1,"P-AR","P.","AR",NULL,NULL,NULL,NULL
NULL,NULL,NULL,1,"Q-AR","Q.","AR",NULL,NULL,NULL,NULL
NULL,NULL,NULL,1,"R-AR","R.","AR",NULL,NULL,NULL,NULL
NULL,NULL,NULL,1,"S-AR","S.","AR",NULL,NULL,NULL,NULL
NULL,NULL,NULL,1,"T-AR","T.","AR",NULL,NULL,NULL,NULL
NULL,NULL,NULL,1,"U-AR","U.","AR",NULL,NULL,NULL,NULL
NULL,NULL,NULL,1,"V-AR","V.","AR",NULL,NULL,NULL,NULL
NULL,NULL,NULL,1,"W-AR","W.","AR",NULL,NULL,NULL,NULL
NULL,NULL,NULL,1,"X-AR","X.","AR",NULL,NULL,NULL,NULL
NULL,NULL,NULL,1,"Y-AR","Y.","AR",NULL,NULL,NULL,NULL
NULL,NULL,NULL,1,"Z-AR","Z.","AR",NULL,NULL,NULL,NULL
NULL,NULL,NULL,1,"A-AS","A.","AS",NULL,NULL,NULL,"2010-01-01"
NULL,NULL,NULL,1,"B-AS","B.","AS",NULL,NULL,NULL,"2010-07-01"
NULL,NULL,NULL,1,"C-AS","C.","AS",NULL,NULL,NULL,"2011-01-01"
NULL,NULL,NULL,1,"D-AS","D.","AS","deceased",NULL,NULL,NULL
NULL,NULL,NULL,1,"E-AS","E.","AS",NULL,"en",NULL,NULL
NULL,NULL,NULL,1,"F-AS","F.","AS",NULL,"fr",NULL,NULL
NULL,NULL,NULL,1,"G-AS","G.","AS",NULL,NULL,NULL,NULL
NULL,NULL,NULL,1,"H-AS","H.","AS",NULL,NULL,NULL,NULL
NULL,NULL,NULL,1,"I-AS","I.","AS",NULL,NULL,NULL,NULL
NULL,NULL,NULL,1,"J-AS","J.","AS",NULL,NULL,NULL,NULL
NULL,NULL,NULL,1,"K-AS","K.","AS",NULL,NULL,NULL,NULL
NULL,NULL,NULL,1,"L-AS","L.","AS",NULL,NULL,NULL,NULL
NULL,NULL,NULL,1,"M-AS","M.","AS",NULL,NULL,NULL,NULL
NULL,NULL,NULL,1,"N-AS","N.","AS",NULL,NULL,NULL,NULL
NULL,NULL,NULL,1,"O-AS","O.","AS",NULL,NULL,NULL,NULL
NULL,NULL,NULL,1,"P-AS","P.","AS",NULL,NULL,NULL,NULL
NULL,NULL,NULL,1,"Q-AS","Q.","AS",NULL,NULL,NULL,NULL
NULL,NULL,NULL,1,"R-AS","R.","AS",NULL,NULL,NULL,NULL
NULL,NULL,NULL,1,"S-AS","S.","AS",NULL,NULL,NULL,NULL
NULL,NULL,NULL,1,"T-AS","T.","AS",NULL,NULL,NULL,NULL
NULL,NULL,NULL,1,"U-AS","U.","AS",NULL,NULL,NULL,NULL
NULL,NULL,NULL,1,"V-AS","V.","AS",NULL,NULL,NULL,NULL
NULL,NULL,NULL,1,"W-AS","W.","AS",NULL,NULL,NULL,NULL
NULL,NULL,NULL,1,"X-AS","X.","AS",NULL,NULL,NULL,NULL
NULL,NULL,NULL,1,"Y-AS","Y.","AS",NULL,NULL,NULL,NULL
NULL,NULL,NULL,1,"Z-AS","Z.","AS",NULL,NULL,NULL,NULL
NULL,NULL,NULL,1,"A-AT","A.","AT",NULL,NULL,NULL,"2010-01-01"
NULL,NULL,NULL,1,"B-AT","B.","AT",NULL,NULL,NULL,"2010-07-01"
NULL,NULL,NULL,1,"C-AT","C.","AT",NULL,NULL,NULL,"2011-01-01"
NULL,NULL,NULL,1,"D-AT","D.","AT","deceased",NULL,NULL,NULL
NULL,NULL,NULL,1,"E-AT","E.","AT",NULL,"en",NULL,NULL
NULL,NULL,NULL,1,"F-AT","F.","AT",NULL,"fr",NULL,NULL
NULL,NULL,NULL,1,"G-AT","G.","AT",NULL,NULL,NULL,NULL
NULL,NULL,NULL,1,"H-AT","H.","AT",NULL,NULL,NULL,NULL
NULL,NULL,NULL,1,"I-AT","I.","AT",NULL,NULL,NULL,NULL
NULL,NULL,NULL,1,"J-AT","J.","AT",NULL,NULL,NULL,NULL
NULL,NULL,NULL,1,"K-AT","K.","AT",NULL,NULL,NULL,NULL
NULL,NULL,NULL,1,"L-AT","L.","AT",NULL,NULL,NULL,NULL
NULL,NULL,NULL,1,"M-AT","M.","AT",NULL,NULL,NULL,NULL
NULL,NULL,NULL,1,"N-AT","N.","AT",NULL,NULL,NULL,NULL
NULL,NULL,NULL,1,"O-AT","O.","AT",NULL,NULL,NULL,NULL
NULL,NULL,NULL,1,"P-AT","P.","AT",NULL,NULL,NULL,NULL
NULL,NULL,NULL,1,"Q-AT","Q.","AT",NULL,NULL,NULL,NULL
NULL,NULL,NULL,1,"R-AT","R.","AT",NULL,NULL,NULL,NULL
NULL,NULL,NULL,1,"S-AT","S.","AT",NULL,NULL,NULL,NULL
NULL,NULL,NULL,1,"T-AT","T.","AT",NULL,NULL,NULL,NULL
NULL,NULL,NULL,1,"U-AT","U.","AT",NULL,NULL,NULL,NULL
NULL,NULL,NULL,1,"V-AT","V.","AT",NULL,NULL,NULL,NULL
NULL,NULL,NULL,1,"W-AT","W.","AT",NULL,NULL,NULL,NULL
NULL,NULL,NULL,1,"X-AT","X.","AT",NULL,NULL,NULL,NULL
NULL,NULL,NULL,1,"Y-AT","Y.","AT",NULL,NULL,NULL,NULL
NULL,NULL,NULL,1,"Z-AT","Z.","AT",NULL,NULL,NULL,NULL
NULL,NULL,NULL,1,"A-AU","A.","AU",NULL,NULL,NULL,"2010-01-01"
NULL,NULL,NULL,1,"B-AU","B.","AU",NULL,NULL,NULL,"2010-07-01"
NULL,NULL,NULL,1,"C-AU","C.","AU",NULL,NULL,NULL,"2011-01-01"
NULL,NULL,NULL,1,"D-AU","D.","AU","deceased",NULL,NULL,NULL
NULL,NULL,NULL,1,"E-AU","E.","AU",NULL,"en",NULL,NULL
NULL,NULL,NULL,1,"F-AU","F.","AU",NULL,"fr",NULL,NULL
NULL,NULL,NULL,1,"G-AU","G.","AU",NULL,NULL,NULL,NULL
NULL,NULL,NULL,1,"H-AU","H.","AU",NULL,NULL,NULL,NULL
NULL,NULL,NULL,1,"I-AU","I.","AU",NULL,NULL,NULL,NULL
NULL,NULL,NULL,1,"J-AU","J.","AU",NULL,NULL,NULL,NULL
NULL,NULL,NULL,1,"K-AU","K.","AU",NULL,NULL,NULL,NULL
NULL,NULL,NULL,1,"L-AU","L.","AU",NULL,NULL,NULL,NULL
NULL,NULL,NULL,1,"M-AU","M.","AU",NULL,NULL,NULL,NULL
NULL,NULL,NULL,1,"N-AU","N.","AU",NULL,NULL,NULL,NULL
NULL,NULL,NULL,1,"O-AU","O.","AU",NULL,NULL,NULL,NULL
NULL,NULL,NULL,1,"P-AU","P.","AU",NULL,NULL,NULL,NULL
NULL,NULL,NULL,1,"Q-AU","Q.","AU",NULL,NULL,NULL,NULL
NULL,NULL,NULL,1,"R-AU","R.","AU",NULL,NULL,NULL,NULL
NULL,NULL,NULL,1,"S-AU","S.","AU",NULL,NULL,NULL,NULL
NULL,NULL,NULL,1,"T-AU","T.","AU",NULL,NULL,NULL,NULL
NULL,NULL,NULL,1,"U-AU","U.","AU",NULL,NULL,NULL,NULL
NULL,NULL,NULL,1,"V-AU","V.","AU",NULL,NULL,NULL,NULL
NULL,NULL,NULL,1,"W-AU","W.","AU",NULL,NULL,NULL,NULL
NULL,NULL,NULL,1,"X-AU","X.","AU",NULL,NULL,NULL,NULL
NULL,NULL,NULL,1,"Y-AU","Y.","AU",NULL,NULL,NULL,NULL
NULL,NULL,NULL,1,"Z-AU","Z.","AU",NULL,NULL,NULL,NULL
NULL,NULL,NULL,1,"A-AV","A.","AV",NULL,NULL,NULL,"2010-01-01"
NULL,NULL,NULL,1,"B-AV","B.","AV",NULL,NULL,NULL,"2010-07-01"
NULL,NULL,NULL,1,"C-AV","C.","AV",NULL,NULL,NULL,"2011-01-01"
NULL,NULL,NULL,1,"D-AV","D.","AV","deceased",NULL,NULL,NULL
NULL,NULL,NULL,1,"E-AV","E.","AV",NULL,"en",NULL,NULL
NULL,NULL,NULL,1,"F-AV","F.","AV",NULL,"fr",NULL,NULL
NULL,NULL,NULL,1,"G-AV","G.","AV",NULL,NULL,NULL,NULL
NULL,NULL,NULL,1,"H-AV","H.","AV",NULL,NULL,NULL,NULL
NULL,NULL,NULL,1,"I-AV","I.","AV",NULL,NULL,NULL,NULL
NULL,NULL,NULL,1,"J-AV","J.","AV",NULL,NULL,NULL,NULL
NULL,NULL,NULL,1,"K-AV","K.","AV",NULL,NULL,NULL,NULL
NULL,NULL,NULL,1,"L-AV","L.","AV",NULL,NULL,NULL,NULL
NULL,NULL,NULL,1,"M-AV","M.","AV",NULL,NULL,NULL,NULL
NULL,NULL,NULL,1,"N-AV","N.","AV",NULL,NULL,NULL,NULL
NULL,NULL,NULL,1,"O-AV","O.","AV",NULL,NULL,NULL,NULL
NULL,NULL,NULL,1,"P-AV","P.","AV",NULL,NULL,NULL,NULL
NULL,NULL,NULL,1,"Q-AV","Q.","AV",NULL,NULL,NULL,NULL
NULL,NULL,NULL,1,"R-AV","R.","AV",NULL,NULL,NULL,NULL
NULL,NULL,NULL,1,"S-AV","S.","AV",NULL,NULL,NULL,NULL
NULL,NULL,NULL,1,"T-AV","T.","AV",NULL,NULL,NULL,NULL
NULL,NULL,NULL,1,"U-AV","U.","AV",NULL,NULL,NULL,NULL
NULL,NULL,NULL,1,"V-AV","V.","AV",NULL,NULL,NULL,NULL
NULL,NULL,NULL,1,"W-AV","W.","AV",NULL,NULL,NULL,NULL
NULL,NULL,NULL,1,"X-AV","X.","AV",NULL,NULL,NULL,NULL
NULL,NULL,NULL,1,"Y-AV","Y.","AV",NULL,NULL,NULL,NULL
NULL,NULL,NULL,1,"Z-AV","Z.","AV",NULL,NULL,NULL,NULL
NULL,NULL,NULL,1,"A-AW","A.","AW",NULL,NULL,NULL,"2010-01-01"
NULL,NULL,NULL,1,"B-AW","B.","AW",NULL,NULL,NULL,"2010-07-01"
NULL,NULL,NULL,1,"C-AW","C.","AW",NULL,NULL,NULL,"2011-01-01"
NULL,NULL,NULL,1,"D-AW","D.","AW","deceased",NULL,NULL,NULL
NULL,NULL,NULL,1,"E-AW","E.","AW",NULL,"en",NULL,NULL
NULL,NULL,NULL,1,"F-AW","F.","AW",NULL,"fr",NULL,NULL
NULL,NULL,NULL,1,"G-AW","G.","AW",NULL,NULL,NULL,NULL
NULL,NULL,NULL,1,"H-AW","H.","AW",NULL,NULL,NULL,NULL
NULL,NULL,NULL,1,"I-AW","I.","AW",NULL,NULL,NULL,NULL
NULL,NULL,NULL,1,"J-AW","J.","AW",NULL,NULL,NULL,NULL
NULL,NULL,NULL,1,"K-AW","K.","AW",NULL,NULL,NULL,NULL
NULL,NULL,NULL,1,"L-AW","L.","AW",NULL,NULL,NULL,NULL
NULL,NULL,NULL,1,"M-AW","M.","AW",NULL,NULL,NULL,NULL
NULL,NULL,NULL,1,"N-AW","N.","AW",NULL,NULL,NULL,NULL
NULL,NULL,NULL,1,"O-AW","O.","AW",NULL,NULL,NULL,NULL
NULL,NULL,NULL,1,"P-AW","P.","AW",NULL,NULL,NULL,NULL
NULL,NULL,NULL,1,"Q-AW","Q.","AW",NULL,NULL,NULL,NULL
NULL,NULL,NULL,1,"R-AW","R.","AW",NULL,NULL,NULL,NULL
NULL,NULL,NULL,1,"S-AW","S.","AW",NULL,NULL,NULL,NULL
NULL,NULL,NULL,1,"T-AW","T.","AW",NULL,NULL,NULL,NULL
NULL,NULL,NULL,1,"U-AW","U.","AW",NULL,NULL,NULL,NULL
NULL,NULL,NULL,1,"V-AW","V.","AW",NULL,NULL,NULL,NULL
NULL,NULL,NULL,1,"W-AW","W.","AW",NULL,NULL,NULL,NULL
NULL,NULL,NULL,1,"X-AW","X.","AW",NULL,NULL,NULL,NULL
NULL,NULL,NULL,1,"Y-AW","Y.","AW",NULL,NULL,NULL,NULL
NULL,NULL,NULL,1,"Z-AW","Z.","AW",NULL,NULL,NULL,NULL
NULL,NULL,NULL,1,"A-AX","A.","AX",NULL,NULL,NULL,"2010-01-01"
NULL,NULL,NULL,1,"B-AX","B.","AX",NULL,NULL,NULL,"2010-07-01"
NULL,NULL,NULL,1,"C-AX","C.","AX",NULL,NULL,NULL,"2011-01-01"
NULL,NULL,NULL,1,"D-AX","D.","AX","deceased",NULL,NULL,NULL
NULL,NULL,NULL,1,"E-AX","E.","AX",NULL,"en",NULL,NULL
NULL,NULL,NULL,1,"F-AX","F.","AX",NULL,"fr",NULL,NULL
NULL,NULL,NULL,1,"G-AX","G.","AX",NULL,NULL,NULL,NULL
NULL,NULL,NULL,1,"H-AX","H.","AX",NULL,NULL,NULL,NULL
NULL,NULL,NULL,1,"I-AX","I.","AX",NULL,NULL,NULL,NULL
NULL,NULL,NULL,1,"J-AX","J.","AX",NULL,NULL,NULL,NULL
NULL,NULL,NULL,1,"K-AX","K.","AX",NULL,NULL,NULL,NULL
NULL,NULL,NULL,1,"L-AX","L.","AX",NULL,NULL,NULL,NULL
NULL,NULL,NULL,1,"M-AX","M.","AX",NULL,NULL,NULL,NULL
NULL,NULL,NULL,1,"N-AX","N.","AX",NULL,NULL,NULL,NULL
NULL,NULL,NULL,1,"O-AX","O.","AX",NULL,NULL,NULL,NULL
NULL,NULL,NULL,1,"P-AX","P.","AX",NULL,NULL,NULL,NULL
NULL,NULL,NULL,1,"Q-AX","Q.","AX",NULL,NULL,NULL,NULL
NULL,NULL,NULL,1,"R-AX","R.","AX",NULL,NULL,NULL,NULL
NULL,NULL,NULL,1,"S-AX","S.","AX",NULL,NULL,NULL,NULL
NULL,NULL,NULL,1,"T-AX","T.","AX",NULL,NULL,NULL,NULL
NULL,NULL,NULL,1,"U-AX","U.","AX",NULL,NULL,NULL,NULL
NULL,NULL,NULL,1,"V-AX","V.","AX",NULL,NULL,NULL,NULL
NULL,NULL,NULL,1,"W-AX","W.","AX",NULL,NULL,NULL,NULL
NULL,NULL,NULL,1,"X-AX","X.","AX",NULL,NULL,NULL,NULL
NULL,NULL,NULL,1,"Y-AX","Y.","AX",NULL,NULL,NULL,NULL
NULL,NULL,NULL,1,"Z-AX","Z.","AX",NULL,NULL,NULL,NULL
NULL,NULL,NULL,1,"A-AY","A.","AY",NULL,NULL,NULL,"2010-01-01"
NULL,NULL,NULL,1,"B-AY","B.","AY",NULL,NULL,NULL,"2010-07-01"
NULL,NULL,NULL,1,"C-AY","C.","AY",NULL,NULL,NULL,"2011-01-01"
NULL,NULL,NULL,1,"D-AY","D.","AY","deceased",NULL,NULL,NULL
NULL,NULL,NULL,1,"E-AY","E.","AY",NULL,"en",NULL,NULL
NULL,NULL,NULL,1,"F-AY","F.","AY",NULL,"fr",NULL,NULL
NULL,NULL,NULL,1,"G-AY","G.","AY",NULL,NULL,NULL,NULL
NULL,NULL,NULL,1,"H-AY","H.","AY",NULL,NULL,NULL,NULL
NULL,NULL,NULL,1,"I-AY","I.","AY",NULL,NULL,NULL,NULL
NULL,NULL,NULL,1,"J-AY","J.","AY",NULL,NULL,NULL,NULL
NULL,NULL,NULL,1,"K-AY","K.","AY",NULL,NULL,NULL,NULL
NULL,NULL,NULL,1,"L-AY","L.","AY",NULL,NULL,NULL,NULL
NULL,NULL,NULL,1,"M-AY","M.","AY",NULL,NULL,NULL,NULL
NULL,NULL,NULL,1,"N-AY","N.","AY",NULL,NULL,NULL,NULL
NULL,NULL,NULL,1,"O-AY","O.","AY",NULL,NULL,NULL,NULL
NULL,NULL,NULL,1,"P-AY","P.","AY",NULL,NULL,NULL,NULL
NULL,NULL,NULL,1,"Q-AY","Q.","AY",NULL,NULL,NULL,NULL
NULL,NULL,NULL,1,"R-AY","R.","AY",NULL,NULL,NULL,NULL
NULL,NULL,NULL,1,"S-AY","S.","AY",NULL,NULL,NULL,NULL
NULL,NULL,NULL,1,"T-AY","T.","AY",NULL,NULL,NULL,NULL
NULL,NULL,NULL,1,"U-AY","U.","AY",NULL,NULL,NULL,NULL
NULL,NULL,NULL,1,"V-AY","V.","AY",NULL,NULL,NULL,NULL
NULL,NULL,NULL,1,"W-AY","W.","AY",NULL,NULL,NULL,NULL
NULL,NULL,NULL,1,"X-AY","X.","AY",NULL,NULL,NULL,NULL
NULL,NULL,NULL,1,"Y-AY","Y.","AY",NULL,NULL,NULL,NULL
NULL,NULL,NULL,1,"Z-AY","Z.","AY",NULL,NULL,NULL,NULL
NULL,NULL,NULL,1,"A-AZ","A.","AZ",NULL,NULL,NULL,"2010-01-01"
NULL,NULL,NULL,1,"B-AZ","B.","AZ",NULL,NULL,NULL,"2010-07-01"
NULL,NULL,NULL,1,"C-AZ","C.","AZ",NULL,NULL,NULL,"2011-01-01"
NULL,NULL,NULL,1,"D-AZ","D.","AZ","deceased",NULL,NULL,NULL
NULL,NULL,NULL,1,"E-AZ","E.","AZ",NULL,"en",NULL,NULL
NULL,NULL,NULL,1,"F-AZ","F.","AZ",NULL,"fr",NULL,NULL
NULL,NULL,NULL,1,"G-AZ","G.","AZ",NULL,NULL,NULL,NULL
NULL,NULL,NULL,1,"H-AZ","H.","AZ",NULL,NULL,NULL,NULL
NULL,NULL,NULL,1,"I-AZ","I.","AZ",NULL,NULL,NULL,NULL
NULL,NULL,NULL,1,"J-AZ","J.","AZ",NULL,NULL,NULL,NULL
NULL,NULL,NULL,1,"K-AZ","K.","AZ",NULL,NULL,NULL,NULL
NULL,NULL,NULL,1,"L-AZ","L.","AZ",NULL,NULL,NULL,NULL
NULL,NULL,NULL,1,"M-AZ","M.","AZ",NULL,NULL,NULL,NULL
NULL,NULL,NULL,1,"N-AZ","N.","AZ",NULL,NULL,NULL,NULL
NULL,NULL,NULL,1,"O-AZ","O.","AZ",NULL,NULL,NULL,NULL
NULL,NULL,NULL,1,"P-AZ","P.","AZ",NULL,NULL,NULL,NULL
NULL,NULL,NULL,1,"Q-AZ","Q.","AZ",NULL,NULL,NULL,NULL
NULL,NULL,NULL,1,"R-AZ","R.","AZ",NULL,NULL,NULL,NULL
NULL,NULL,NULL,1,"S-AZ","S.","AZ",NULL,NULL,NULL,NULL
NULL,NULL,NULL,1,"T-AZ","T.","AZ",NULL,NULL,NULL,NULL
NULL,NULL,NULL,1,"U-AZ","U.","AZ",NULL,NULL,NULL,NULL
NULL,NULL,NULL,1,"V-AZ","V.","AZ",NULL,NULL,NULL,NULL
NULL,NULL,NULL,1,"W-AZ","W.","AZ",NULL,NULL,NULL,NULL
NULL,NULL,NULL,1,"X-AZ","X.","AZ",NULL,NULL,NULL,NULL
NULL,NULL,NULL,1,"Y-AZ","Y.","AZ",NULL,NULL,NULL,NULL
NULL,NULL,NULL,1,"Z-AZ","Z.","AZ",NULL,NULL,NULL,NULL
NULL,NULL,NULL,1,"A-BA","A.","BA",NULL,NULL,NULL,"2010-01-01"
NULL,NULL,NULL,1,"B-BA","B.","BA",NULL,NULL,NULL,"2010-07-01"
NULL,NULL,NULL,1,"C-BA","C.","BA",NULL,NULL,NULL,"2011-01-01"
NULL,NULL,NULL,1,"D-BA","D.","BA","deceased",NULL,NULL,NULL
NULL,NULL,NULL,1,"E-BA","E.","BA",NULL,"en",NULL,NULL
NULL,NULL,NULL,1,"F-BA","F.","BA",NULL,"fr",NULL,NULL
NULL,NULL,NULL,1,"G-BA","G.","BA",NULL,NULL,NULL,NULL
NULL,NULL,NULL,1,"H-BA","H.","BA",NULL,NULL,NULL,NULL
NULL,NULL,NULL,1,"I-BA","I.","BA",NULL,NULL,NULL,NULL
NULL,NULL,NULL,1,"J-BA","J.","BA",NULL,NULL,NULL,NULL
NULL,NULL,NULL,1,"K-BA","K.","BA",NULL,NULL,NULL,NULL
NULL,NULL,NULL,1,"L-BA","L.","BA",NULL,NULL,NULL,NULL
NULL,NULL,NULL,1,"M-BA","M.","BA",NULL,NULL,NULL,NULL
NULL,NULL,NULL,1,"N-BA","N.","BA",NULL,NULL,NULL,NULL
NULL,NULL,NULL,1,"O-BA","O.","BA",NULL,NULL,NULL,NULL
NULL,NULL,NULL,1,"P-BA","P.","BA",NULL,NULL,NULL,NULL
NULL,NULL,NULL,1,"Q-BA","Q.","BA",NULL,NULL,NULL,NULL
NULL,NULL,NULL,1,"R-BA","R.","BA",NULL,NULL,NULL,NULL
NULL,NULL,NULL,1,"S-BA","S.","BA",NULL,NULL,NULL,NULL
NULL,NULL,NULL,1,"T-BA","T.","BA",NULL,NULL,NULL,NULL
NULL,NULL,NULL,1,"U-BA","U.","BA",NULL,NULL,NULL,NULL
NULL,NULL,NULL,1,"V-BA","V.","BA",NULL,NULL,NULL,NULL
NULL,NULL,NULL,1,"W-BA","W.","BA",NULL,NULL,NULL,NULL
NULL,NULL,NULL,1,"X-BA","X.","BA",NULL,NULL,NULL,NULL
NULL,NULL,NULL,1,"Y-BA","Y.","BA",NULL,NULL,NULL,NULL
NULL,NULL,NULL,1,"Z-BA","Z.","BA",NULL,NULL,NULL,NULL
NULL,NULL,NULL,1,"A-BB","A.","BB",NULL,NULL,2,"2010-01-01"
NULL,NULL,NULL,1,"B-BB","B.","BB",NULL,NULL,2,"2010-07-01"
NULL,NULL,NULL,1,"C-BB","C.","BB",NULL,NULL,2,"2011-01-01"
NULL,NULL,NULL,1,"D-BB","D.","BB","deceased",NULL,2,NULL
NULL,NULL,NULL,1,"E-BB","E.","BB",NULL,"en",2,NULL
NULL,NULL,NULL,1,"F-BB","F.","BB",NULL,"fr",2,NULL
NULL,NULL,NULL,1,"G-BB","G.","BB",NULL,NULL,2,NULL
NULL,NULL,NULL,1,"H-BB","H.","BB",NULL,NULL,2,NULL
NULL,NULL,NULL,1,"I-BB","I.","BB",NULL,NULL,2,NULL
NULL,NULL,NULL,1,"J-BB","J.","BB",NULL,NULL,2,NULL
NULL,NULL,NULL,1,"K-BB","K.","BB",NULL,NULL,2,NULL
NULL,NULL,NULL,1,"L-BB","L.","BB",NULL,NULL,2,NULL
NULL,NULL,NULL,1,"M-BB","M.","BB",NULL,NULL,2,NULL
NULL,NULL,NULL,1,"N-BB","N.","BB",NULL,NULL,2,NULL
NULL,NULL,NULL,1,"O-BB","O.","BB",NULL,NULL,2,NULL
NULL,NULL,NULL,1,"P-BB","P.","BB",NULL,NULL,2,NULL
NULL,NULL,NULL,1,"Q-BB","Q.","BB",NULL,NULL,2,NULL
NULL,NULL,NULL,1,"R-BB","R.","BB",NULL,NULL,2,NULL
NULL,NULL,NULL,1,"S-BB","S.","BB",NULL,NULL,2,NULL
NULL,NULL,NULL,1,"T-BB","T.","BB",NULL,NULL,2,NULL
NULL,NULL,NULL,1,"U-BB","U.","BB",NULL,NULL,2,NULL
NULL,NULL,NULL,1,"V-BB","V.","BB",NULL,NULL,2,NULL
NULL,NULL,NULL,1,"W-BB","W.","BB",NULL,NULL,2,NULL
NULL,NULL,NULL,1,"X-BB","X.","BB",NULL,NULL,2,NULL
NULL,NULL,NULL,1,"Y-BB","Y.","BB",NULL,NULL,2,NULL
NULL,NULL,NULL,1,"Z-BB","Z.","BB",NULL,NULL,2,NULL
NULL,NULL,NULL,1,"A-BC","A.","BC",NULL,NULL,NULL,"2010-01-01"
NULL,NULL,NULL,1,"B-BC","B.","BC",NULL,NULL,NULL,"2010-07-01"
NULL,NULL,NULL,1,"C-BC","C.","BC",NULL,NULL,NULL,"2011-01-01"
NULL,NULL,NULL,1,"D-BC","D.","BC","deceased",NULL,NULL,NULL
NULL,NULL,NULL,1,"E-BC","E.","BC",NULL,"en",NULL,NULL
NULL,NULL,NULL,1,"F-BC","F.","BC",NULL,"fr",NULL,NULL
NULL,NULL,NULL,1,"G-BC","G.","BC",NULL,NULL,NULL,NULL
NULL,NULL,NULL,1,"H-BC","H.","BC",NULL,NULL,NULL,NULL
NULL,NULL,NULL,1,"I-BC","I.","BC",NULL,NULL,NULL,NULL
NULL,NULL,NULL,1,"J-BC","J.","BC",NULL,NULL,NULL,NULL
NULL,NULL,NULL,1,"K-BC","K.","BC",NULL,NULL,NULL,NULL
NULL,NULL,NULL,1,"L-BC","L.","BC",NULL,NULL,NULL,NULL
NULL,NULL,NULL,1,"M-BC","M.","BC",NULL,NULL,NULL,NULL
NULL,NULL,NULL,1,"N-BC","N.","BC",NULL,NULL,NULL,NULL
NULL,NULL,NULL,1,"O-BC","O.","BC",NULL,NULL,NULL,NULL
NULL,NULL,NULL,1,"P-BC","P.","BC",NULL,NULL,NULL,NULL
NULL,NULL,NULL,1,"Q-BC","Q.","BC",NULL,NULL,NULL,NULL
NULL,NULL,NULL,1,"R-BC","R.","BC",NULL,NULL,NULL,NULL
NULL,NULL,NULL,1,"S-BC","S.","BC",NULL,NULL,NULL,NULL
NULL,NULL,NULL,1,"T-BC","T.","BC",NULL,NULL,NULL,NULL
NULL,NULL,NULL,1,"U-BC","U.","BC",NULL,NULL,NULL,NULL
NULL,NULL,NULL,1,"V-BC","V.","BC",NULL,NULL,NULL,NULL
NULL,NULL,NULL,1,"W-BC","W.","BC",NULL,NULL,NULL,NULL
NULL,NULL,NULL,1,"X-BC","X.","BC",NULL,NULL,NULL,NULL
NULL,NULL,NULL,1,"Y-BC","Y.","BC",NULL,NULL,NULL,NULL
NULL,NULL,NULL,1,"Z-BC","Z.","BC",NULL,NULL,NULL,NULL
NULL,NULL,NULL,1,"A-BD","A.","BD",NULL,NULL,NULL,"2010-01-01"
NULL,NULL,NULL,1,"B-BD","B.","BD",NULL,NULL,NULL,"2010-07-01"
NULL,NULL,NULL,1,"C-BD","C.","BD",NULL,NULL,NULL,"2011-01-01"
NULL,NULL,NULL,1,"D-BD","D.","BD","deceased",NULL,NULL,NULL
NULL,NULL,NULL,1,"E-BD","E.","BD",NULL,"en",NULL,NULL
NULL,NULL,NULL,1,"F-BD","F.","BD",NULL,"fr",NULL,NULL
NULL,NULL,NULL,1,"G-BD","G.","BD",NULL,NULL,NULL,NULL
NULL,NULL,NULL,1,"H-BD","H.","BD",NULL,NULL,NULL,NULL
NULL,NULL,NULL,1,"I-BD","I.","BD",NULL,NULL,NULL,NULL
NULL,NULL,NULL,1,"J-BD","J.","BD",NULL,NULL,NULL,NULL
NULL,NULL,NULL,1,"K-BD","K.","BD",NULL,NULL,NULL,NULL
NULL,NULL,NULL,1,"L-BD","L.","BD",NULL,NULL,NULL,NULL
NULL,NULL,NULL,1,"M-BD","M.","BD",NULL,NULL,NULL,NULL
NULL,NULL,NULL,1,"N-BD","N.","BD",NULL,NULL,NULL,NULL
NULL,NULL,NULL,1,"O-BD","O.","BD",NULL,NULL,NULL,NULL
NULL,NULL,NULL,1,"P-BD","P.","BD",NULL,NULL,NULL,NULL
NULL,NULL,NULL,1,"Q-BD","Q.","BD",NULL,NULL,NULL,NULL
NULL,NULL,NULL,1,"R-BD","R.","BD",NULL,NULL,NULL,NULL
NULL,NULL,NULL,1,"S-BD","S.","BD",NULL,NULL,NULL,NULL
NULL,NULL,NULL,1,"T-BD","T.","BD",NULL,NULL,NULL,NULL
NULL,NULL,NULL,1,"U-BD","U.","BD",NULL,NULL,NULL,NULL
NULL,NULL,NULL,1,"V-BD","V.","BD",NULL,NULL,NULL,NULL
NULL,NULL,NULL,1,"W-BD","W.","BD",NULL,NULL,NULL,NULL
NULL,NULL,NULL,1,"X-BD","X.","BD",NULL,NULL,NULL,NULL
NULL,NULL,NULL,1,"Y-BD","Y.","BD",NULL,NULL,NULL,NULL
NULL,NULL,NULL,1,"Z-BD","Z.","BD",NULL,NULL,NULL,NULL
NULL,NULL,NULL,1,"A-BE","A.","BE",NULL,NULL,NULL,"2010-01-01"
NULL,NULL,NULL,1,"B-BE","B.","BE",NULL,NULL,NULL,"2010-07-01"
NULL,NULL,NULL,1,"C-BE","C.","BE",NULL,NULL,NULL,"2011-01-01"
NULL,NULL,NULL,1,"D-BE","D.","BE","deceased",NULL,NULL,NULL
NULL,NULL,NULL,1,"E-BE","E.","BE",NULL,"en",NULL,NULL
NULL,NULL,NULL,1,"F-BE","F.","BE",NULL,"fr",NULL,NULL
NULL,NULL,NULL,1,"G-BE","G.","BE",NULL,NULL,NULL,NULL
NULL,NULL,NULL,1,"H-BE","H.","BE",NULL,NULL,NULL,NULL
NULL,NULL,NULL,1,"I-BE","I.","BE",NULL,NULL,NULL,NULL
NULL,NULL,NULL,1,"J-BE","J.","BE",NULL,NULL,NULL,NULL
NULL,NULL,NULL,1,"K-BE","K.","BE",NULL,NULL,NULL,NULL
NULL,NULL,NULL,1,"L-BE","L.","BE",NULL,NULL,NULL,NULL
NULL,NULL,NULL,1,"M-BE","M.","BE",NULL,NULL,NULL,NULL
NULL,NULL,NULL,1,"N-BE","N.","BE",NULL,NULL,NULL,NULL
NULL,NULL,NULL,1,"O-BE","O.","BE",NULL,NULL,NULL,NULL
NULL,NULL,NULL,1,"P-BE","P.","BE",NULL,NULL,NULL,NULL
NULL,NULL,NULL,1,"Q-BE","Q.","BE",NULL,NULL,NULL,NULL
NULL,NULL,NULL,1,"R-BE","R.","BE",NULL,NULL,NULL,NULL
NULL,NULL,NULL,1,"S-BE","S.","BE",NULL,NULL,NULL,NULL
NULL,NULL,NULL,1,"T-BE","T.","BE",NULL,NULL,NULL,NULL
NULL,NULL,NULL,1,"U-BE","U.","BE",NULL,NULL,NULL,NULL
NULL,NULL,NULL,1,"V-BE","V.","BE",NULL,NULL,NULL,NULL
NULL,NULL,NULL,1,"W-BE","W.","BE",NULL,NULL,NULL,NULL
NULL,NULL,NULL,1,"X-BE","X.","BE",NULL,NULL,NULL,NULL
NULL,NULL,NULL,1,"Y-BE","Y.","BE",NULL,NULL,NULL,NULL
NULL,NULL,NULL,1,"Z-BE","Z.","BE",NULL,NULL,NULL,NULL
NULL,NULL,NULL,1,"A-BF","A.","BF",NULL,NULL,NULL,"2010-01-01"
NULL,NULL,NULL,1,"B-BF","B.","BF",NULL,NULL,NULL,"2010-07-01"
NULL,NULL,NULL,1,"C-BF","C.","BF",NULL,NULL,NULL,"2011-01-01"
NULL,NULL,NULL,1,"D-BF","D.","BF","deceased",NULL,NULL,NULL
NULL,NULL,NULL,1,"E-BF","E.","BF",NULL,"en",NULL,NULL
NULL,NULL,NULL,1,"F-BF","F.","BF",NULL,"fr",NULL,NULL
NULL,NULL,NULL,1,"G-BF","G.","BF",NULL,NULL,NULL,NULL
NULL,NULL,NULL,1,"H-BF","H.","BF",NULL,NULL,NULL,NULL
NULL,NULL,NULL,1,"I-BF","I.","BF",NULL,NULL,NULL,NULL
NULL,NULL,NULL,1,"J-BF","J.","BF",NULL,NULL,NULL,NULL
NULL,NULL,NULL,1,"K-BF","K.","BF",NULL,NULL,NULL,NULL
NULL,NULL,NULL,1,"L-BF","L.","BF",NULL,NULL,NULL,NULL
NULL,NULL,NULL,1,"M-BF","M.","BF",NULL,NULL,NULL,NULL
NULL,NULL,NULL,1,"N-BF","N.","BF",NULL,NULL,NULL,NULL
NULL,NULL,NULL,1,"O-BF","O.","BF",NULL,NULL,NULL,NULL
NULL,NULL,NULL,1,"P-BF","P.","BF",NULL,NULL,NULL,NULL
NULL,NULL,NULL,1,"Q-BF","Q.","BF",NULL,NULL,NULL,NULL
NULL,NULL,NULL,1,"R-BF","R.","BF",NULL,NULL,NULL,NULL
NULL,NULL,NULL,1,"S-BF","S.","BF",NULL,NULL,NULL,NULL
NULL,NULL,NULL,1,"T-BF","T.","BF",NULL,NULL,NULL,NULL
NULL,NULL,NULL,1,"U-BF","U.","BF",NULL,NULL,NULL,NULL
NULL,NULL,NULL,1,"V-BF","V.","BF",NULL,NULL,NULL,NULL
NULL,NULL,NULL,1,"W-BF","W.","BF",NULL,NULL,NULL,NULL
NULL,NULL,NULL,1,"X-BF","X.","BF",NULL,NULL,NULL,NULL
NULL,NULL,NULL,1,"Y-BF","Y.","BF",NULL,NULL,NULL,NULL
NULL,NULL,NULL,1,"Z-BF","Z.","BF",NULL,NULL,NULL,NULL
NULL,NULL,NULL,1,"A-BG","A.","BG",NULL,NULL,NULL,"2010-01-01"
NULL,NULL,NULL,1,"B-BG","B.","BG",NULL,NULL,NULL,"2010-07-01"
NULL,NULL,NULL,1,"C-BG","C.","BG",NULL,NULL,NULL,"2011-01-01"
NULL,NULL,NULL,1,"D-BG","D.","BG","deceased",NULL,NULL,NULL
NULL,NULL,NULL,1,"E-BG","E.","BG",NULL,"en",NULL,NULL
NULL,NULL,NULL,1,"F-BG","F.","BG",NULL,"fr",NULL,NULL
NULL,NULL,NULL,1,"G-BG","G.","BG",NULL,NULL,NULL,NULL
NULL,NULL,NULL,1,"H-BG","H.","BG",NULL,NULL,NULL,NULL
NULL,NULL,NULL,1,"I-BG","I.","BG",NULL,NULL,NULL,NULL
NULL,NULL,NULL,1,"J-BG","J.","BG",NULL,NULL,NULL,NULL
NULL,NULL,NULL,1,"K-BG","K.","BG",NULL,NULL,NULL,NULL
NULL,NULL,NULL,1,"L-BG","L.","BG",NULL,NULL,NULL,NULL
NULL,NULL,NULL,1,"M-BG","M.","BG",NULL,NULL,NULL,NULL
NULL,NULL,NULL,1,"N-BG","N.","BG",NULL,NULL,NULL,NULL
NULL,NULL,NULL,1,"O-BG","O.","BG",NULL,NULL,NULL,NULL
NULL,NULL,NULL,1,"P-BG","P.","BG",NULL,NULL,NULL,NULL
NULL,NULL,NULL,1,"Q-BG","Q.","BG",NULL,NULL,NULL,NULL
NULL,NULL,NULL,1,"R-BG","R.","BG",NULL,NULL,NULL,NULL
NULL,NULL,NULL,1,"S-BG","S.","BG",NULL,NULL,NULL,NULL
NULL,NULL,NULL,1,"T-BG","T.","BG",NULL,NULL,NULL,NULL
NULL,NULL,NULL,1,"U-BG","U.","BG",NULL,NULL,NULL,NULL
NULL,NULL,NULL,1,"V-BG","V.","BG",NULL,NULL,NULL,NULL
NULL,NULL,NULL,1,"W-BG","W.","BG",NULL,NULL,NULL,NULL
NULL,NULL,NULL,1,"X-BG","X.","BG",NULL,NULL,NULL,NULL
NULL,NULL,NULL,1,"Y-BG","Y.","BG",NULL,NULL,NULL,NULL
NULL,NULL,NULL,1,"Z-BG","Z.","BG",NULL,NULL,NULL,NULL
NULL,NULL,NULL,1,"A-BH","A.","BH",NULL,NULL,NULL,"2010-01-01"
NULL,NULL,NULL,1,"B-BH","B.","BH",NULL,NULL,NULL,"2010-07-01"
NULL,NULL,NULL,1,"C-BH","C.","BH",NULL,NULL,NULL,"2011-01-01"
NULL,NULL,NULL,1,"D-BH","D.","BH","deceased",NULL,NULL,NULL
NULL,NULL,NULL,1,"E-BH","E.","BH",NULL,"en",NULL,NULL
NULL,NULL,NULL,1,"F-BH","F.","BH",NULL,"fr",NULL,NULL
NULL,NULL,NULL,1,"G-BH","G.","BH",NULL,NULL,NULL,NULL
NULL,NULL,NULL,1,"H-BH","H.","BH",NULL,NULL,NULL,NULL
NULL,NULL,NULL,1,"I-BH","I.","BH",NULL,NULL,NULL,NULL
NULL,NULL,NULL,1,"J-BH","J.","BH",NULL,NULL,NULL,NULL
NULL,NULL,NULL,1,"K-BH","K.","BH",NULL,NULL,NULL,NULL
NULL,NULL,NULL,1,"L-BH","L.","BH",NULL,NULL,NULL,NULL
NULL,NULL,NULL,1,"M-BH","M.","BH",NULL,NULL,NULL,NULL
NULL,NULL,NULL,1,"N-BH","N.","BH",NULL,NULL,NULL,NULL
NULL,NULL,NULL,1,"O-BH","O.","BH",NULL,NULL,NULL,NULL
NULL,NULL,NULL,1,"P-BH","P.","BH",NULL,NULL,NULL,NULL
NULL,NULL,NULL,1,"Q-BH","Q.","BH",NULL,NULL,NULL,NULL
NULL,NULL,NULL,1,"R-BH","R.","BH",NULL,NULL,NULL,NULL
NULL,NULL,NULL,1,"S-BH","S.","BH",NULL,NULL,NULL,NULL
NULL,NULL,NULL,1,"T-BH","T.","BH",NULL,NULL,NULL,NULL
NULL,NULL,NULL,1,"U-BH","U.","BH",NULL,NULL,NULL,NULL
NULL,NULL,NULL,1,"V-BH","V.","BH",NULL,NULL,NULL,NULL
NULL,NULL,NULL,1,"W-BH","W.","BH",NULL,NULL,NULL,NULL
NULL,NULL,NULL,1,"X-BH","X.","BH",NULL,NULL,NULL,NULL
NULL,NULL,NULL,1,"Y-BH","Y.","BH",NULL,NULL,NULL,NULL
NULL,NULL,NULL,1,"Z-BH","Z.","BH",NULL,NULL,NULL,NULL
NULL,NULL,NULL,1,"A-BI","A.","BI",NULL,NULL,NULL,"2010-01-01"
NULL,NULL,NULL,1,"B-BI","B.","BI",NULL,NULL,NULL,"2010-07-01"
NULL,NULL,NULL,1,"C-BI","C.","BI",NULL,NULL,NULL,"2011-01-01"
NULL,NULL,NULL,1,"D-BI","D.","BI","deceased",NULL,NULL,NULL
NULL,NULL,NULL,1,"E-BI","E.","BI",NULL,"en",NULL,NULL
NULL,NULL,NULL,1,"F-BI","F.","BI",NULL,"fr",NULL,NULL
NULL,NULL,NULL,1,"G-BI","G.","BI",NULL,NULL,NULL,NULL
NULL,NULL,NULL,1,"H-BI","H.","BI",NULL,NULL,NULL,NULL
NULL,NULL,NULL,1,"I-BI","I.","BI",NULL,NULL,NULL,NULL
NULL,NULL,NULL,1,"J-BI","J.","BI",NULL,NULL,NULL,NULL
NULL,NULL,NULL,1,"K-BI","K.","BI",NULL,NULL,NULL,NULL
NULL,NULL,NULL,1,"L-BI","L.","BI",NULL,NULL,NULL,NULL
NULL,NULL,NULL,1,"M-BI","M.","BI",NULL,NULL,NULL,NULL
NULL,NULL,NULL,1,"N-BI","N.","BI",NULL,NULL,NULL,NULL
NULL,NULL,NULL,1,"O-BI","O.","BI",NULL,NULL,NULL,NULL
NULL,NULL,NULL,1,"P-BI","P.","BI",NULL,NULL,NULL,NULL
NULL,NULL,NULL,1,"Q-BI","Q.","BI",NULL,NULL,NULL,NULL
NULL,NULL,NULL,1,"R-BI","R.","BI",NULL,NULL,NULL,NULL
NULL,NULL,NULL,1,"S-BI","S.","BI",NULL,NULL,NULL,NULL
NULL,NULL,NULL,1,"T-BI","T.","BI",NULL,NULL,NULL,NULL
NULL,NULL,NULL,1,"U-BI","U.","BI",NULL,NULL,NULL,NULL
NULL,NULL,NULL,1,"V-BI","V.","BI",NULL,NULL,NULL,NULL
NULL,NULL,NULL,1,"W-BI","W.","BI",NULL,NULL,NULL,NULL
NULL,NULL,NULL,1,"X-BI","X.","BI",NULL,NULL,NULL,NULL
NULL,NULL,NULL,1,"Y-BI","Y.","BI",NULL,NULL,NULL,NULL
NULL,NULL,NULL,1,"Z-BI","Z.","BI",NULL,NULL,NULL,NULL
NULL,NULL,NULL,1,"A-BJ","A.","BJ",NULL,NULL,NULL,"2010-01-01"
NULL,NULL,NULL,1,"B-BJ","B.","BJ",NULL,NULL,NULL,"2010-07-01"
NULL,NULL,NULL,1,"C-BJ","C.","BJ",NULL,NULL,NULL,"2011-01-01"
NULL,NULL,NULL,1,"D-BJ","D.","BJ","deceased",NULL,NULL,NULL
NULL,NULL,NULL,1,"E-BJ","E.","BJ",NULL,"en",NULL,NULL
NULL,NULL,NULL,1,"F-BJ","F.","BJ",NULL,"fr",NULL,NULL
NULL,NULL,NULL,1,"G-BJ","G.","BJ",NULL,NULL,NULL,NULL
NULL,NULL,NULL,1,"H-BJ","H.","BJ",NULL,NULL,NULL,NULL
NULL,NULL,NULL,1,"I-BJ","I.","BJ",NULL,NULL,NULL,NULL
NULL,NULL,NULL,1,"J-BJ","J.","BJ",NULL,NULL,NULL,NULL
NULL,NULL,NULL,1,"K-BJ","K.","BJ",NULL,NULL,NULL,NULL
NULL,NULL,NULL,1,"L-BJ","L.","BJ",NULL,NULL,NULL,NULL
NULL,NULL,NULL,1,"M-BJ","M.","BJ",NULL,NULL,NULL,NULL
NULL,NULL,NULL,1,"N-BJ","N.","BJ",NULL,NULL,NULL,NULL
NULL,NULL,NULL,1,"O-BJ","O.","BJ",NULL,NULL,NULL,NULL
NULL,NULL,NULL,1,"P-BJ","P.","BJ",NULL,NULL,NULL,NULL
NULL,NULL,NULL,1,"Q-BJ","Q.","BJ",NULL,NULL,NULL,NULL
NULL,NULL,NULL,1,"R-BJ","R.","BJ",NULL,NULL,NULL,NULL
NULL,NULL,NULL,1,"S-BJ","S.","BJ",NULL,NULL,NULL,NULL
NULL,NULL,NULL,1,"T-BJ","T.","BJ",NULL,NULL,NULL,NULL
NULL,NULL,NULL,1,"U-BJ","U.","BJ",NULL,NULL,NULL,NULL
NULL,NULL,NULL,1,"V-BJ","V.","BJ",NULL,NULL,NULL,NULL
NULL,NULL,NULL,1,"W-BJ","W.","BJ",NULL,NULL,NULL,NULL
NULL,NULL,NULL,1,"X-BJ","X.","BJ",NULL,NULL,NULL,NULL
NULL,NULL,NULL,1,"Y-BJ","Y.","BJ",NULL,NULL,NULL,NULL
NULL,NULL,NULL,1,"Z-BJ","Z.","BJ",NULL,NULL,NULL,NULL
NULL,NULL,NULL,1,"A-BK","A.","BK",NULL,NULL,NULL,"2010-01-01"
NULL,NULL,NULL,1,"B-BK","B.","BK",NULL,NULL,NULL,"2010-07-01"
NULL,NULL,NULL,1,"C-BK","C.","BK",NULL,NULL,NULL,"2011-01-01"
NULL,NULL,NULL,1,"D-BK","D.","BK","deceased",NULL,NULL,NULL
NULL,NULL,NULL,1,"E-BK","E.","BK",NULL,"en",NULL,NULL
NULL,NULL,NULL,1,"F-BK","F.","BK",NULL,"fr",NULL,NULL
NULL,NULL,NULL,1,"G-BK","G.","BK",NULL,NULL,NULL,NULL
NULL,NULL,NULL,1,"H-BK","H.","BK",NULL,NULL,NULL,NULL
NULL,NULL,NULL,1,"I-BK","I.","BK",NULL,NULL,NULL,NULL
NULL,NULL,NULL,1,"J-BK","J.","BK",NULL,NULL,NULL,NULL
NULL,NULL,NULL,1,"K-BK","K.","BK",NULL,NULL,NULL,NULL
NULL,NULL,NULL,1,"L-BK","L.","BK",NULL,NULL,NULL,NULL
NULL,NULL,NULL,1,"M-BK","M.","BK",NULL,NULL,NULL,NULL
NULL,NULL,NULL,1,"N-BK","N.","BK",NULL,NULL,NULL,NULL
NULL,NULL,NULL,1,"O-BK","O.","BK",NULL,NULL,NULL,NULL
NULL,NULL,NULL,1,"P-BK","P.","BK",NULL,NULL,NULL,NULL
NULL,NULL,NULL,1,"Q-BK","Q.","BK",NULL,NULL,NULL,NULL
NULL,NULL,NULL,1,"R-BK","R.","BK",NULL,NULL,NULL,NULL
NULL,NULL,NULL,1,"S-BK","S.","BK",NULL,NULL,NULL,NULL
NULL,NULL,NULL,1,"T-BK","T.","BK",NULL,NULL,NULL,NULL
NULL,NULL,NULL,1,"U-BK","U.","BK",NULL,NULL,NULL,NULL
NULL,NULL,NULL,1,"V-BK","V.","BK",NULL,NULL,NULL,NULL
NULL,NULL,NULL,1,"W-BK","W.","BK",NULL,NULL,NULL,NULL
NULL,NULL,NULL,1,"X-BK","X.","BK",NULL,NULL,NULL,NULL
NULL,NULL,NULL,1,"Y-BK","Y.","BK",NULL,NULL,NULL,NULL
NULL,NULL,NULL,1,"Z-BK","Z.","BK",NULL,NULL,NULL,NULL
NULL,NULL,NULL,1,"A-BL","A.","BL",NULL,NULL,NULL,"2010-01-01"
NULL,NULL,NULL,1,"B-BL","B.","BL",NULL,NULL,NULL,"2010-07-01"
NULL,NULL,NULL,1,"C-BL","C.","BL",NULL,NULL,NULL,"2011-01-01"
NULL,NULL,NULL,1,"D-BL","D.","BL","deceased",NULL,NULL,NULL
NULL,NULL,NULL,1,"E-BL","E.","BL",NULL,"en",NULL,NULL
NULL,NULL,NULL,1,"F-BL","F.","BL",NULL,"fr",NULL,NULL
NULL,NULL,NULL,1,"G-BL","G.","BL",NULL,NULL,NULL,NULL
NULL,NULL,NULL,1,"H-BL","H.","BL",NULL,NULL,NULL,NULL
NULL,NULL,NULL,1,"I-BL","I.","BL",NULL,NULL,NULL,NULL
NULL,NULL,NULL,1,"J-BL","J.","BL",NULL,NULL,NULL,NULL
NULL,NULL,NULL,1,"K-BL","K.","BL",NULL,NULL,NULL,NULL
NULL,NULL,NULL,1,"L-BL","L.","BL",NULL,NULL,NULL,NULL
NULL,NULL,NULL,1,"M-BL","M.","BL",NULL,NULL,NULL,NULL
NULL,NULL,NULL,1,"N-BL","N.","BL",NULL,NULL,NULL,NULL
NULL,NULL,NULL,1,"O-BL","O.","BL",NULL,NULL,NULL,NULL
NULL,NULL,NULL,1,"P-BL","P.","BL",NULL,NULL,NULL,NULL
NULL,NULL,NULL,1,"Q-BL","Q.","BL",NULL,NULL,NULL,NULL
NULL,NULL,NULL,1,"R-BL","R.","BL",NULL,NULL,NULL,NULL
NULL,NULL,NULL,1,"S-BL","S.","BL",NULL,NULL,NULL,NULL
NULL,NULL,NULL,1,"T-BL","T.","BL",NULL,NULL,NULL,NULL
NULL,NULL,NULL,1,"U-BL","U.","BL",NULL,NULL,NULL,NULL
NULL,NULL,NULL,1,"V-BL","V.","BL",NULL,NULL,NULL,NULL
NULL,NULL,NULL,1,"W-BL","W.","BL",NULL,NULL,NULL,NULL
NULL,NULL,NULL,1,"X-BL","X.","BL",NULL,NULL,NULL,NULL
NULL,NULL,NULL,1,"Y-BL","Y.","BL",NULL,NULL,NULL,NULL
NULL,NULL,NULL,1,"Z-BL","Z.","BL",NULL,NULL,NULL,NULL
NULL,NULL,NULL,1,"A-BM","A.","BM",NULL,NULL,NULL,"2010-01-01"
NULL,NULL,NULL,1,"B-BM","B.","BM",NULL,NULL,NULL,"2010-07-01"
NULL,NULL,NULL,1,"C-BM","C.","BM",NULL,NULL,NULL,"2011-01-01"
NULL,NULL,NULL,1,"D-BM","D.","BM","deceased",NULL,NULL,NULL
NULL,NULL,NULL,1,"E-BM","E.","BM",NULL,"en",NULL,NULL
NULL,NULL,NULL,1,"F-BM","F.","BM",NULL,"fr",NULL,NULL
NULL,NULL,NULL,1,"G-BM","G.","BM",NULL,NULL,NULL,NULL
NULL,NULL,NULL,1,"H-BM","H.","BM",NULL,NULL,NULL,NULL
NULL,NULL,NULL,1,"I-BM","I.","BM",NULL,NULL,NULL,NULL
NULL,NULL,NULL,1,"J-BM","J.","BM",NULL,NULL,NULL,NULL
NULL,NULL,NULL,1,"K-BM","K.","BM",NULL,NULL,NULL,NULL
NULL,NULL,NULL,1,"L-BM","L.","BM",NULL,NULL,NULL,NULL
